algorithm,scenario,seed,dry_yield_tonne_per_ha,total_irrigation_mm,water_productivity_kg_per_ha_per_mm,profit,episode_reward,stress_exposure,stress_days,max_daily_stress
crossq,dry,11,12.371177689706316,114.87773017641598,107.68995584007524,2595.293588541332,2595.293588541332,66.75531448551313,72.0,0.801467184625627
crossq,dry,23,12.793314967574798,136.43373111464243,93.76944296000262,2664.4521886403486,2664.4521886403486,65.1814915794545,72.0,0.7850660475818344
crossq,dry,37,12.406562685587025,111.54210006392738,111.2276232783544,2606.747480758825,2606.747480758825,65.98143435622157,68.0,0.8245729167731944
crossq,dry,53,12.798459658563027,137.4773587549753,93.09503597151304,2664.4360302533933,2664.4360302533933,65.14786302903207,73.0,0.7891589002444391
crossq,dry,71,13.1165951763803,167.0209836015241,78.53261843837332,2701.927856841989,2701.927856841989,62.71361942356114,72.0,0.7666462372079852
crossq,extreme_dry,11,11.99132077584068,241.8857081977693,49.57432526785088,2372.0162916674035,2372.0162916674035,71.88382414763835,71.0,0.8176895738374985
crossq,extreme_dry,23,13.302714648653303,292.23244492527743,45.52100521232251,2605.141533285921,2605.141533285922,69.58981444627301,75.0,0.7889987353182872
crossq,extreme_dry,37,12.548585895274837,286.0234049441032,43.8725841255095,2446.06315152195,2446.0631515219507,71.1862931062676,70.0,0.8039549426407158
crossq,extreme_dry,53,13.771397041669251,352.9024688126242,39.02323802948872,2641.514633473349,2641.514633473349,55.679137228768965,42.0,0.6493939889484089
crossq,extreme_dry,71,12.445834537185288,266.81144617646004,46.64655401985279,2444.591007386657,2444.591007386657,71.4916462510247,72.0,0.8061159819277492
crossq,limited_water,11,11.940274291631937,170.27789011747876,70.17800762096695,2439.5546650297993,2439.5546650297993,70.00822514401193,79.0,0.8249857892767947
crossq,limited_water,23,12.589253559519406,158.7817730720784,85.22679121133676,2594.975832714983,2594.975832714983,67.71862425380243,81.5,0.8209676847202737
crossq,limited_water,37,12.19864574882882,151.85636570572171,83.08332768042676,2516.660062466047,2516.660062466047,68.46077211724497,76.0,0.8139538570490512
crossq,limited_water,53,12.56433977607379,182.01295182870095,69.842791380743,2563.9405037246634,2563.9405037246634,66.96173545646165,73.5,0.8129879631935206
crossq,limited_water,71,12.446307496461955,147.95015934987708,91.76861184159911,2575.4424739367655,2575.4424739367655,67.72173194563103,78.0,0.8383476774616456
crossq,normal,11,13.683731699197773,322.3426678625077,43.66596262522009,2655.8440391747513,2655.8440391747513,42.257668330344146,5.0,0.5620479853858036
crossq,normal,23,12.606401761049106,154.49444362473272,87.50908074012766,2603.4644994435976,2603.464499443597,66.95997917400058,76.0,0.8123053415619219
crossq,normal,37,12.00596233901403,114.24207666363284,120.86981790211499,2515.64543025309,2515.64543025309,70.22890827755457,80.5,0.8523359182570172
crossq,normal,53,12.662072501097054,171.63343566913716,78.66110972134294,2596.8591710053015,2596.8591710053015,66.11604119837864,68.5,0.8012788409406262
crossq,normal,71,13.661791789705216,329.0800810344259,42.21799807639011,2643.6061045972788,2643.606104597279,37.23240529923943,0.0,0.4722995544316111
crossq,wet,11,12.797600414654639,65.16188541021126,198.3659160460222,2743.794017272788,2743.7940172727886,43.46751880293176,27.5,0.6743458435069398
crossq,wet,23,13.297655297502372,138.99898532053072,127.68401891322854,2772.585281597938,2772.585281597938,32.60264212686865,1.5,0.5276747368945698
crossq,wet,37,12.555729564952628,59.7253528653467,233.28854573744087,2696.562616137696,2696.5626161376968,43.36862249102432,28.0,0.6500077688632125
crossq,wet,53,12.487462025239724,25.375588299740112,579.2885284859518,2719.328498423025,2719.328498423025,48.6346386297233,29.0,0.7000431687952586
crossq,wet,71,12.748909589060132,35.003186672261414,370.8343012231479,2766.2566042537414,2766.2566042537414,48.743215981894394,30.0,0.6849925023345274
dreamerv3,dry,11,10.42609607038666,101.58957185066274,102.62958963655323,2181.992606449336,2181.992606449336,72.03943240345373,79.0,0.8543255225257224
dreamerv3,dry,23,13.320560309832604,340.10406499787985,39.166130842675,2556.408796665505,2556.408796665505,36.03260996775021,0.0,0.4856182462148622
dreamerv3,dry,37,13.309051107406614,282.0515562443115,47.186589872521,2617.7345317607123,2617.7345317607123,38.57406172565544,0.0,0.4883663299470525
dreamerv3,dry,53,13.312782130607944,272.6170281047041,48.833274367200936,2628.9333378185734,2628.9333378185734,38.19788974881924,0.0,0.4840048168406288
dreamerv3,dry,71,13.311711925811132,304.3793501162056,43.7339521249684,2593.7593385506225,2593.7593385506225,38.70856723040667,2.0,0.5335529444769034
dreamerv3,extreme_dry,11,5.656003047027135,179.10495758763528,31.57926571775478,1047.305216999571,1047.305216999571,63.31700757426266,47.0,0.8885256967972402
dreamerv3,extreme_dry,23,0.7392099463758762,8.06643877955512,91.64018553632972,153.75310554518214,153.75310554518214,48.74773760064906,47.0,0.8871427679655304
dreamerv3,extreme_dry,37,0.7383863929751866,1.425855950249913,517.8548315808255,160.87656490926614,160.87656490926614,48.758405336841285,47.0,0.887055807312996
dreamerv3,extreme_dry,53,6.462857428836818,202.77905750215933,31.87142453686568,1198.7716710917248,1198.7716710917248,62.4065428649401,44.0,0.8885252736959947
dreamerv3,extreme_dry,71,9.178556854443192,321.6131902139255,28.53911821321117,1665.507998742184,1665.5079987421843,66.36323916428036,56.0,0.8795664246630562
dreamerv3,limited_water,11,13.676973127775847,322.8079962012863,42.95854877567338,2653.8452922892716,2653.845292289271,35.57497174761054,0.0,0.47402177665383327
dreamerv3,limited_water,23,10.190993070233286,201.97844521976805,53.52284580533764,2019.8421857095786,2019.8421857095786,52.61654430169875,34.5,0.899566475226405
dreamerv3,limited_water,37,8.5755215418193,0.0,,1886.6147392002458,1886.6147392002458,74.0684809829699,84.5,0.8992785879338476
dreamerv3,limited_water,53,13.291722625730909,312.8121233058698,43.6193625325369,2580.0856420243435,2580.0856420243435,55.27499436682104,47.0,0.7414644832525927
dreamerv3,limited_water,71,13.203832204914738,281.8072442787741,48.36172133138512,2594.855116374591,2594.855116374591,46.27398637110352,20.5,0.7420538997835631
dreamerv3,normal,11,8.574708958779656,49.76088223354592,222.5318841914398,1831.699000474624,1831.699000474624,73.32908941744921,85.0,0.899602231845128
dreamerv3,normal,23,13.676954159587655,333.12502151351237,41.96228676339767,2642.4923914444203,2642.4923914444203,35.1296499284438,0.0,0.47402177665383327
dreamerv3,normal,37,13.676978394156109,331.06478162722436,42.21175704333342,2644.763986924397,2644.763986924397,35.17149538066546,0.0,0.47402177665383327
dreamerv3,normal,53,9.18778982371703,137.37780347851245,78.8455167343671,1870.1981773913822,1870.1981773913822,66.65613855733689,70.0,0.8906063820748811
dreamerv3,normal,71,13.660126262557474,331.09539139996093,41.80107444256174,2641.0228472226872,2641.0228472226872,39.223620738344636,0.0,0.4926941692652881
dreamerv3,wet,11,13.026420232205517,67.49605991237175,194.74205157334427,2791.5667851816047,2791.5667851816047,42.512608529998914,24.5,0.6534103159869378
dreamerv3,wet,23,13.24124979989079,144.56635210321429,126.5507874425611,2754.051968662438,2754.051968662438,28.7392024189021,0.0,0.45513888888888876
dreamerv3,wet,37,13.243065878860346,111.99501985401845,169.78957373971207,2790.2799715098563,2790.2799715098563,32.08383026260679,0.0,0.4649304429926583
dreamerv3,wet,53,13.265628467201998,156.97033746574402,105.82994293191933,2745.770891572121,2745.7708915721214,28.080078200406078,0.0,0.45513888888888876
dreamerv3,wet,71,12.653757785301629,109.43202944382179,131.99035503118256,2663.451480378155,2663.451480378155,43.04227474849019,27.5,0.6740950204485908
dsac_t,dry,11,12.283580760384066,234.4796003713618,52.38656472004258,2444.460206875997,2444.460206875997,56.8578436497667,53.0,0.8496902679760542
dsac_t,dry,23,11.04625973981972,69.79743182848931,158.2616931660651,2353.399967749,2353.399967749,70.60811170547974,75.0,0.8383934418806953
dsac_t,dry,37,12.780466238801711,238.8563238055412,53.50692012327294,2548.9606163502813,2548.9606163502813,56.836991261279294,58.0,0.8197269986895735
dsac_t,dry,53,13.304652101676146,282.6637352945602,47.06883282290012,2616.093353544736,2616.093353544736,40.81193447882403,1.0,0.5004190931834996
dsac_t,dry,71,13.339815099600813,263.8151268696726,50.56501216547306,2644.5626823555385,2644.5626823555385,41.98709777538198,4.0,0.5257675170232614
dsac_t,extreme_dry,11,6.943059559454764,207.8782273345512,33.399647709525986,1298.8070530120417,1298.8070530120417,59.9547948394347,42.0,0.8866857360864211
dsac_t,extreme_dry,23,6.627282691234316,211.6325993688816,31.315037054772343,1225.20633276578,1225.20633276578,60.81216885589862,42.0,0.8872802086774193
dsac_t,extreme_dry,37,6.6758057785214096,215.92808722867176,30.91680134901399,1231.1563753231712,1231.1563753231712,59.90017967981992,42.0,0.8897220534556768
dsac_t,extreme_dry,53,4.915391725612695,160.1036674813901,30.70130624074582,905.2721454052636,905.2721454052636,63.00016887503248,47.0,0.8870531880783998
dsac_t,extreme_dry,71,6.607567946716058,190.14244238249972,34.75062097616246,1244.5082616567831,1244.5082616567831,62.642429315060575,43.0,0.8895547598538834
dsac_t,limited_water,11,11.500512149630747,255.90741522202813,44.903754872919436,2248.614516174533,2248.6145161745326,60.76149131194627,53.0,0.8272431103311844
dsac_t,limited_water,23,13.665981030695342,306.7048979472154,45.984281885257346,2669.1404390110383,2669.1404390110383,39.36502365592664,0.0,0.4835160638829884
dsac_t,limited_water,37,9.839999829746626,205.57882761551184,47.19139351333993,1938.6632521671947,1938.6632521671947,60.52453239586799,47.0,0.8866627953350944
dsac_t,limited_water,53,13.621370002230844,221.28524109820438,65.82406514715959,2753.2876352827607,2753.2876352827607,49.71154621871646,30.0,0.7018959501824881
dsac_t,limited_water,71,11.335910496672255,124.94433832025318,91.96974963637956,2356.461537115618,2356.461537115618,62.488570833839894,55.5,0.7669308755446855
dsac_t,normal,11,9.148013778238758,200.18173436701596,45.05949625378473,1792.3631234088089,1792.363123408809,62.57018691244237,52.0,0.8976864370003905
dsac_t,normal,23,11.575159980364203,259.9793815352724,44.96119681978624,2260.557875991325,2260.557875991325,48.86234286789649,26.0,0.831075374094611
dsac_t,normal,37,12.17589126380656,248.1493641084748,50.16798093924571,2405.731777518121,2405.731777518121,54.753117034335304,40.0,0.8235394682743158
dsac_t,normal,53,10.388724071291083,219.42792299604343,47.46598951053923,2044.1485803883907,2044.1485803883907,61.46314245481414,56.5,0.8850704800973818
dsac_t,normal,71,13.652028012926092,338.16315968672205,41.62265603473196,2631.4666871883464,2631.4666871883464,37.74210026627212,3.0,0.4956615152548106
dsac_t,wet,11,13.265628467202,155.44314921909333,108.62701519725053,2747.4507986434373,2747.4507986434373,28.08826053861164,0.0,0.45513888888888876
dsac_t,wet,23,13.283307221776369,142.50853022696853,129.16238711358693,2765.568205541136,2765.568205541136,31.913930429029193,1.5,0.5204208692519069
dsac_t,wet,37,13.265007678964064,149.02548966167535,116.86179277411601,2754.373650744251,2754.373650744251,28.336463771151905,0.0,0.45513888888888876
dsac_t,wet,53,13.264935054046322,151.26347112529754,114.55954676785363,2751.8958936523636,2751.8958936523636,28.26601060929618,0.0,0.45513888888888876
dsac_t,wet,71,13.247334115505215,130.69519848532042,133.80480636176938,2770.6487870772953,2770.6487870772953,29.838140904245073,0.0,0.45513888888888876
fixed_interval,dry,11,13.397859335972631,268.64017896509773,49.87287972925788,2652.024857052372,2652.024857052372,47.08370721958093,11.0,0.6844567728788912
fixed_interval,extreme_dry,11,13.750028412015102,350.0,39.28579546290029,2640.0062506433223,2640.0062506433223,65.94495062874581,73.0,0.7301444329682104
fixed_interval,limited_water,11,13.665066637140256,284.2474448456589,50.075709614977654,2693.642470840632,2693.642470840632,52.9204128662678,35.0,0.6800201118739957
fixed_interval,normal,11,13.665066637140256,284.2474448456589,50.075709614977654,2693.642470840632,2693.642470840632,52.9204128662678,35.0,0.6800201118739957
fixed_interval,wet,11,13.278058908340087,121.99890898828008,131.3015322613703,2786.974159947711,2786.974159947711,36.87243179410155,12.0,0.5560673918248192
ppo,dry,11,13.319985174154526,320.5539456649059,41.55302205538502,2577.7873980826,2577.7873980826,36.49992820876511,0.0,0.4856183701931424
ppo,dry,23,13.314588499580042,306.6733227741637,43.41619407627768,2591.868814856029,2591.868814856029,39.76592705647128,0.0,0.4855562604098466
ppo,dry,37,13.32056035639214,322.3317823660583,41.3256187727233,2575.9583178036064,2575.9583178036064,36.366641234680095,0.0,0.4856804352695885
ppo,dry,53,13.32039941414299,321.29150118142365,41.4589223965229,2577.067219811892,2577.067219811892,36.44275827650833,0.0,0.4856182785478222
ppo,dry,71,13.407932658095714,266.9141859642061,50.23312121707068,2656.13958022043,2656.13958022043,51.24280992152006,33.0,0.7158957122195234
ppo,extreme_dry,11,13.804220535254178,466.0299660519791,29.62088608206476,2524.295555098742,2524.295555098742,42.02723951352718,1.0,0.5185706200705209
ppo,extreme_dry,23,13.811974082831483,451.5543773854487,30.58762083717223,2541.924483098933,2541.924483098933,44.80900310455624,0.0,0.4953814143134841
ppo,extreme_dry,37,13.809597040663666,466.9931517099762,29.571305253829607,2524.418882065033,2524.418882065033,41.9437679347596,1.0,0.5177527639556351
ppo,extreme_dry,53,13.804310658473684,466.07831010887145,29.61800701527846,2524.262203744452,2524.262203744452,42.02104869462516,1.0,0.5185705264582948
ppo,extreme_dry,71,13.770252971490878,434.3094563236768,31.706085996958706,2551.7152517719487,2551.7152517719487,48.44862342106701,0.0,0.4791000081367721
ppo,limited_water,11,13.664692155647634,315.2395835852051,44.27483339258313,2659.468732298754,2659.468732298754,35.61996049454531,0.0,0.47279955443161104
ppo,limited_water,23,13.662789559508683,323.53847122567294,42.794114586316056,2649.9213847436704,2649.9213847436704,39.46609478386679,0.0,0.48220870405274563
ppo,limited_water,37,13.664713229593517,315.25629882663725,44.27174112146014,2659.454981801273,2659.454981801273,35.61869095124197,0.0,0.47279955443161104
ppo,limited_water,53,13.663081464851512,314.96123158107764,44.3229763150292,2659.4205675281473,2659.4205675281473,35.63275705743111,0.0,0.4726606655427221
ppo,limited_water,71,9.470138234282619,35.09722132939046,281.6844621379487,2044.8234680798462,2044.8234680798462,72.60937702324675,81.0,0.8878732256998434
ppo,normal,11,13.664681275628153,318.0386790907183,43.98522445437887,2656.3873336384036,2656.3873336384036,35.48799173291191,0.0,0.47279955443161104
ppo,normal,23,13.653483439050682,320.5993254853854,43.70069852625795,2651.1070985572255,2651.1070985572255,39.884938155304354,0.0,0.47921638836528785
ppo,normal,37,13.664692155647634,318.0514885366771,43.98313308394708,2656.3756368521344,2656.3756368521344,35.48676671011074,0.0,0.47279955443161104
ppo,normal,53,13.663076390933178,317.4307870228738,44.06727156137978,2656.702940280138,2656.702940280138,35.51650013328471,0.0,0.4726606655427221
ppo,normal,71,13.201898095590323,274.44388264388647,49.61437232341595,2602.5293101215957,2602.5293101215957,56.81478000989998,52.0,0.7363032596416708
ppo,wet,11,13.24350944779011,141.66740260398868,125.55498067152573,2757.7379356494366,2757.7379356494366,29.041486678761395,0.0,0.45513888888888876
ppo,wet,23,13.245566297619872,137.91689933733787,126.96375823630613,2762.3159962053005,2762.3159962053005,31.56723173119928,0.0,0.45540766188783055
ppo,wet,37,13.245587233583098,142.20748474021912,124.74008381796321,2757.600958174041,2757.600958174041,28.961976318751724,0.0,0.45513888888888876
ppo,wet,53,13.245681238636198,142.283861312027,124.61230518119,2757.5376250567338,2757.5376250567338,28.95567476932613,0.0,0.45513888888888876
ppo,wet,71,13.257603057311606,141.29409595244522,117.08127391154882,2761.2491670608633,2761.2491670608633,31.39672519034843,0.0,0.45538791465244355
rainfed,dry,11,9.94642283281351,0.0,,2188.2130232189725,2188.2130232189725,73.65932584136459,79.0,0.8827557675340952
rainfed,extreme_dry,11,0.7383863929751872,0.0,,162.4450064545412,162.4450064545412,48.758405336841285,47.0,0.887055807312996
rainfed,limited_water,11,8.575521541819304,0.0,,1886.6147392002467,1886.6147392002467,74.0684809829699,84.5,0.8992785879338476
rainfed,normal,11,8.575521541819304,0.0,,1886.6147392002467,1886.6147392002467,74.0684809829699,84.5,0.8992785879338476
rainfed,wet,11,12.489840277191123,0.0,,2747.764860982047,2747.764860982047,51.04997806660743,30.5,0.7319145138244985
soil_moisture_threshold,dry,11,13.317734051272977,250.0,53.27093620509191,2654.901491280055,2654.901491280055,40.2243011412929,3.0,0.5426907366103169
soil_moisture_threshold,extreme_dry,11,13.822405486781465,442.283,31.252400582390607,2554.417907091922,2554.417907091922,46.10702212021194,2.0,0.5169363025052478
soil_moisture_threshold,limited_water,11,13.643423863319907,296.3005,46.41625361333223,2675.6226999303794,2675.6226999303794,42.673787414513406,2.0,0.5215074993477333
soil_moisture_threshold,normal,11,13.643423863319907,296.3005,46.41625361333223,2675.6226999303794,2675.6226999303794,42.673787414513406,2.0,0.5215074993477333
soil_moisture_threshold,wet,11,13.262780251083257,141.768,110.2759618725159,2761.8668552383165,2761.8668552383165,30.064646718367772,0.5,0.5048802344396832
