algorithm,scenario,seed,year,episode,dry_yield_tonne_per_ha,total_irrigation_mm,water_productivity_kg_per_ha_per_mm,profit,episode_reward,stress_exposure,stress_days,max_daily_stress,days,irrigation_cap_mm,model_seasonal_irrigation_mm,source_file
crossq,dry,11,1989,0,12.371177689706316,114.87773017641598,107.68995584007524,2595.293588541332,2595.293588541332,66.75531448551313,72,0.801467184625627,131,,114.87773017641598,outputs/runs/crossq/dry/seed_11/evaluation.csv
crossq,dry,23,1989,0,12.793314967574798,136.43373111464243,93.76944296000262,2664.4521886403486,2664.4521886403486,65.1814915794545,72,0.7850660475818344,131,,136.43373111464243,outputs/runs/crossq/dry/seed_23/evaluation.csv
crossq,dry,37,1989,0,12.406562685587025,111.54210006392738,111.2276232783544,2606.747480758825,2606.747480758825,65.98143435622157,68,0.8245729167731944,131,,111.54210006392738,outputs/runs/crossq/dry/seed_37/evaluation.csv
crossq,dry,53,1989,0,12.798459658563027,137.4773587549753,93.09503597151304,2664.4360302533933,2664.4360302533933,65.14786302903207,73,0.7891589002444391,131,,137.4773587549753,outputs/runs/crossq/dry/seed_53/evaluation.csv
crossq,dry,71,1989,0,13.1165951763803,167.0209836015241,78.53261843837332,2701.927856841989,2701.927856841989,62.71361942356114,72,0.7666462372079852,131,,167.0209836015241,outputs/runs/crossq/dry/seed_71/evaluation.csv
crossq,extreme_dry,11,2000,0,11.99132077584068,241.8857081977693,49.57432526785088,2372.0162916674035,2372.0162916674035,71.88382414763835,71,0.8176895738374985,131,,241.8857081977693,outputs/runs/crossq/extreme_dry/seed_11/evaluation.csv
crossq,extreme_dry,23,2000,0,13.302714648653303,292.23244492527743,45.52100521232251,2605.141533285921,2605.141533285922,69.58981444627301,75,0.7889987353182872,131,,292.23244492527743,outputs/runs/crossq/extreme_dry/seed_23/evaluation.csv
crossq,extreme_dry,37,2000,0,12.548585895274837,286.0234049441032,43.8725841255095,2446.06315152195,2446.0631515219507,71.1862931062676,70,0.8039549426407158,131,,286.0234049441032,outputs/runs/crossq/extreme_dry/seed_37/evaluation.csv
crossq,extreme_dry,53,2000,0,13.771397041669251,352.9024688126242,39.02323802948872,2641.514633473349,2641.514633473349,55.679137228768965,42,0.6493939889484089,131,,352.9024688126242,outputs/runs/crossq/extreme_dry/seed_53/evaluation.csv
crossq,extreme_dry,71,2000,0,12.445834537185288,266.81144617646004,46.64655401985279,2444.591007386657,2444.591007386657,71.4916462510247,72,0.8061159819277492,131,,266.81144617646004,outputs/runs/crossq/extreme_dry/seed_71/evaluation.csv
crossq,limited_water,11,1988,0,11.492310239389695,172.84905595352572,66.48754993767311,2338.174291116855,2338.174291116855,73.97287738343213,83,0.828477129142507,131,363.303,172.84905595352572,outputs/runs/crossq/limited_water/seed_11/evaluation.csv
crossq,limited_water,11,1998,0,12.388238343874177,167.70672428143183,73.86846530426078,2540.935038942744,2540.935038942744,66.04357290459174,75,0.8214944494110824,131,289.196,167.70672428143183,outputs/runs/crossq/limited_water/seed_11/evaluation.csv
crossq,limited_water,23,1988,0,12.422964877076446,199.73703589979743,62.19660175245969,2513.341533467041,2513.341533467041,70.97907257875194,84,0.8324746066589647,131,363.303,199.73703589979743,outputs/runs/crossq/limited_water/seed_23/evaluation.csv
crossq,limited_water,23,1998,0,12.755542241962369,117.8265102443594,108.25698067021382,2676.610131962925,2676.6101319629256,64.45817592885292,79,0.8094607627815827,131,289.196,117.8265102443594,outputs/runs/crossq/limited_water/seed_23/evaluation.csv
crossq,limited_water,37,1988,0,11.78606573156808,177.12819349245552,66.53975010516939,2398.0934481032764,2398.0934481032764,72.46093484526575,82,0.8218546165704055,131,363.303,177.12819349245552,outputs/runs/crossq/limited_water/seed_37/evaluation.csv
crossq,limited_water,37,1998,0,12.61122576608956,126.58453791898788,99.62690525568414,2635.226676828817,2635.226676828817,64.46060938922417,70,0.8060530975276969,131,289.196,126.58453791898788,outputs/runs/crossq/limited_water/seed_37/evaluation.csv
crossq,limited_water,53,1988,0,12.205245018707696,199.24573546575192,61.257245933906766,2465.9835951033665,2465.9835951033665,72.06149766990363,81,0.8273968338423632,131,363.303,199.24573546575192,outputs/runs/crossq/limited_water/seed_53/evaluation.csv
crossq,limited_water,53,1998,0,12.923434533439885,164.78016819164998,78.42833682757923,2661.8974123459598,2661.8974123459598,61.86197324301967,66,0.7985790925446781,131,289.196,164.78016819164998,outputs/runs/crossq/limited_water/seed_53/evaluation.csv
crossq,limited_water,71,1988,0,12.551165110785885,191.2242865944316,65.6358317989477,2550.9096091190195,2550.9096091190195,67.90919959079508,75,0.8481237248347785,131,363.303,191.2242865944316,outputs/runs/crossq/limited_water/seed_71/evaluation.csv
crossq,limited_water,71,1998,0,12.341449882138027,104.67603210532258,117.90139188425051,2599.9753387545115,2599.9753387545115,67.53426430046699,81,0.8285716300885128,131,289.196,104.67603210532258,outputs/runs/crossq/limited_water/seed_71/evaluation.csv
crossq,normal,11,1988,0,13.924110916426049,378.9365577561783,36.74522985820052,2646.474188081934,2646.474188081934,41.30594170476446,7,0.5820270375650359,131,,378.9365577561783,outputs/runs/crossq/normal/seed_11/evaluation.csv
crossq,normal,11,1998,0,13.443352481969498,265.7487779688372,50.58669539223966,2665.213890267569,2665.213890267569,43.20939495592384,3,0.5420689332065713,131,,265.7487779688372,outputs/runs/crossq/normal/seed_11/evaluation.csv
crossq,normal,23,1988,0,12.46637562015095,193.8562971276968,64.30730290870619,2529.3607095927428,2529.3607095927428,69.72965066553814,78,0.8287447683166346,131,,193.8562971276968,outputs/runs/crossq/normal/seed_23/evaluation.csv
crossq,normal,23,1998,0,12.74642790194726,115.13259012176866,110.71085857154912,2677.568289294452,2677.5682892944515,64.19030768246301,74,0.7958659148072094,131,,115.13259012176866,outputs/runs/crossq/normal/seed_23/evaluation.csv
crossq,normal,37,1988,0,11.632408504228437,154.00066671067262,75.53479314529669,2389.729137548516,2389.729137548516,73.51934138978594,84,0.863111720103807,131,,154.00066671067262,outputs/runs/crossq/normal/seed_37/evaluation.csv
crossq,normal,37,1998,0,12.37951617379962,74.48348661659308,166.2048426589333,2641.561722957664,2641.561722957664,66.9384751653232,77,0.8415601164102273,131,,74.48348661659308,outputs/runs/crossq/normal/seed_37/evaluation.csv
crossq,normal,53,1988,0,12.317538413305616,212.28048535661745,58.02482688228713,2476.3499170349564,2476.3499170349564,71.93466507008308,84,0.8112264845220336,131,,212.28048535661745,outputs/runs/crossq/normal/seed_53/evaluation.csv
crossq,normal,53,1998,0,13.006606588888491,130.98638598165687,99.29739256039876,2717.368424975646,2717.368424975646,60.2974173266742,53,0.7913311973592186,131,,130.98638598165687,outputs/runs/crossq/normal/seed_53/evaluation.csv
crossq,normal,71,1988,0,13.865135956756149,374.0185004164186,37.07072228063374,2638.909560028292,2638.909560028292,39.13187484481707,0,0.4714539475728996,131,,374.0185004164186,outputs/runs/crossq/normal/seed_71/evaluation.csv
crossq,normal,71,1998,0,13.458447622654283,284.1416616524333,47.36527387214648,2648.3026491662654,2648.302649166266,35.33293575366179,0,0.4731451612903225,131,,284.1416616524333,outputs/runs/crossq/normal/seed_71/evaluation.csv
crossq,wet,11,1992,0,12.6203527396538,58.20787314849326,216.815218578047,2712.4489422604934,2712.4489422604934,31.40344945639757,1,0.5076751610251108,131,,58.20787314849326,outputs/runs/crossq/wet/seed_11/evaluation.csv
crossq,wet,11,2014,0,12.974848089655476,72.11589767192925,179.9166135139974,2775.139092285083,2775.1390922850837,55.53158814946595,54,0.8410165259887689,131,,72.11589767192925,outputs/runs/crossq/wet/seed_11/evaluation.csv
crossq,wet,23,1992,0,12.620640726463115,66.69375237850703,189.23272834968407,2703.1778322055275,2703.1778322055275,29.94508789619914,0,0.4917073400401454,131,,66.69375237850703,outputs/runs/crossq/wet/seed_23/evaluation.csv
crossq,wet,23,2014,0,13.974669868541628,211.3042182625544,66.13530947677302,2841.992730990348,2841.992730990348,35.26019635753816,3,0.5636421337489941,131,,211.3042182625544,outputs/runs/crossq/wet/seed_23/evaluation.csv
crossq,wet,37,1992,0,12.590796652803066,78.57999671520821,160.22903002191484,2683.537267229945,2683.537267229945,29.625142589062907,0,0.4749840227410013,131,,78.57999671520821,outputs/runs/crossq/wet/seed_37/evaluation.csv
crossq,wet,37,2014,0,12.520662477102189,40.87070901548519,306.34806145296693,2709.587965045447,2709.587965045448,57.11210239298573,56,0.8250315149854238,131,,40.87070901548519,outputs/runs/crossq/wet/seed_37/evaluation.csv
crossq,wet,53,1992,0,12.596772751437983,35.314694902397704,356.7005969116477,2732.4438409237187,2732.4438409237187,38.71371998493901,2,0.5418202979049924,131,,35.314694902397704,outputs/runs/crossq/wet/seed_53/evaluation.csv
crossq,wet,53,2014,0,12.378151299041464,15.43648169708252,801.8764600602559,2706.2131559223308,2706.2131559223308,58.55555727450759,56,0.858266039685525,131,,15.43648169708252,outputs/runs/crossq/wet/seed_53/evaluation.csv
crossq,wet,71,1992,0,12.59502242040453,30.11682691162333,418.20549214444594,2737.776422886211,2737.776422886211,40.40675564968654,4,0.5563427150589886,131,,30.11682691162333,outputs/runs/crossq/wet/seed_71/evaluation.csv
crossq,wet,71,2014,0,12.902796757715734,39.88954643289949,323.46311030184995,2794.736785621272,2794.736785621272,57.07967631410226,56,0.8136422896100661,131,,39.88954643289949,outputs/runs/crossq/wet/seed_71/evaluation.csv
dreamerv3,dry,11,1989,0,10.42609607038666,101.58957185066274,102.62958963655323,2181.992606449336,2181.992606449336,72.03943240345373,79,0.8543255225257224,131,,101.58957185066274,outputs/runs/dreamerv3/dry/seed_11/evaluation.csv
dreamerv3,dry,23,1989,0,13.320560309832604,340.10406499787985,39.166130842675,2556.408796665505,2556.408796665505,36.03260996775021,0,0.4856182462148622,131,,340.10406499787985,outputs/runs/dreamerv3/dry/seed_23/evaluation.csv
dreamerv3,dry,37,1989,0,13.309051107406614,282.0515562443115,47.186589872521,2617.7345317607123,2617.7345317607123,38.57406172565544,0,0.4883663299470525,131,,282.0515562443115,outputs/runs/dreamerv3/dry/seed_37/evaluation.csv
dreamerv3,dry,53,1989,0,13.312782130607944,272.6170281047041,48.833274367200936,2628.9333378185734,2628.9333378185734,38.19788974881924,0,0.4840048168406288,131,,272.6170281047041,outputs/runs/dreamerv3/dry/seed_53/evaluation.csv
dreamerv3,dry,71,1989,0,13.311711925811132,304.3793501162056,43.7339521249684,2593.7593385506225,2593.7593385506225,38.70856723040667,2,0.5335529444769034,131,,304.3793501162056,outputs/runs/dreamerv3/dry/seed_71/evaluation.csv
dreamerv3,extreme_dry,11,2000,0,5.656003047027135,179.10495758763528,31.57926571775478,1047.305216999571,1047.305216999571,63.31700757426266,47,0.8885256967972402,131,,179.10495758763528,outputs/runs/dreamerv3/extreme_dry/seed_11/evaluation.csv
dreamerv3,extreme_dry,23,2000,0,0.7392099463758762,8.06643877955512,91.64018553632972,153.75310554518214,153.75310554518214,48.74773760064906,47,0.8871427679655304,84,,8.06643877955512,outputs/runs/dreamerv3/extreme_dry/seed_23/evaluation.csv
dreamerv3,extreme_dry,37,2000,0,0.7383863929751866,1.425855950249913,517.8548315808255,160.87656490926614,160.87656490926614,48.758405336841285,47,0.887055807312996,84,,1.425855950249913,outputs/runs/dreamerv3/extreme_dry/seed_37/evaluation.csv
dreamerv3,extreme_dry,53,2000,0,6.462857428836818,202.77905750215933,31.87142453686568,1198.7716710917248,1198.7716710917248,62.4065428649401,44,0.8885252736959947,131,,202.77905750215933,outputs/runs/dreamerv3/extreme_dry/seed_53/evaluation.csv
dreamerv3,extreme_dry,71,2000,0,9.178556854443192,321.6131902139255,28.53911821321117,1665.507998742184,1665.5079987421843,66.36323916428036,56,0.8795664246630562,131,,321.6131902139255,outputs/runs/dreamerv3/extreme_dry/seed_71/evaluation.csv
dreamerv3,limited_water,11,1988,0,13.89887671038144,363.303,38.25698304275341,2658.119576283917,2658.119576283917,37.584273566046456,0,0.4748983920173441,131,363.303,363.303,outputs/runs/dreamerv3/limited_water/seed_11/evaluation.csv
dreamerv3,limited_water,11,1998,0,13.455069545170254,282.3129924025726,47.66011450859335,2649.571008294626,2649.5710082946257,33.565669929174625,0,0.4731451612903225,131,289.196,282.3129924025726,outputs/runs/dreamerv3/limited_water/seed_11/evaluation.csv
dreamerv3,limited_water,23,1988,0,9.658768974107574,245.6110237256055,39.32547011773489,1854.7570482055,1854.7570482055,49.38626677753381,28,0.9050131932962904,131,363.303,245.6110237256055,outputs/runs/dreamerv3/limited_water/seed_23/evaluation.csv
dreamerv3,limited_water,23,1998,0,10.723217166359,158.34586671393063,67.7202214929404,2184.927323213657,2184.927323213657,55.8468218258637,41,0.8941197571565196,131,289.196,158.34586671393063,outputs/runs/dreamerv3/limited_water/seed_23/evaluation.csv
dreamerv3,limited_water,37,1988,0,6.842003567022904,0.0,,1505.240784745039,1505.240784745039,75.12644939129352,86,0.9044374187111758,131,363.303,0.0,outputs/runs/dreamerv3/limited_water/seed_37/evaluation.csv
dreamerv3,limited_water,37,1998,0,10.309039516615696,0.0,,2267.9886936554526,2267.9886936554526,73.0105125746463,83,0.8941197571565196,131,289.196,0.0,outputs/runs/dreamerv3/limited_water/seed_37/evaluation.csv
dreamerv3,limited_water,53,1988,0,13.307474137059868,363.303,36.62913363517468,2528.011010153171,2528.011010153171,58.26220538706584,61,0.8285780000727154,131,363.303,363.303,outputs/runs/dreamerv3/limited_water/seed_53/evaluation.csv
dreamerv3,limited_water,53,1998,0,13.275971114401948,262.32124661173964,50.60959142989911,2632.1602738955157,2632.1602738955157,52.28778334657624,33,0.6543509664324699,131,289.196,262.32124661173964,outputs/runs/dreamerv3/limited_water/seed_53/evaluation.csv
dreamerv3,limited_water,71,1988,0,13.030473391180363,329.80299174046786,39.50987018769813,2503.9208551451657,2503.9208551451657,48.80293074938964,24,0.8330928753124046,131,363.303,329.80299174046786,outputs/runs/dreamerv3/limited_water/seed_71/evaluation.csv
dreamerv3,limited_water,71,1998,0,13.377191018649112,233.81149681708024,57.21357247507211,2685.7893776040164,2685.7893776040164,43.74504199281739,17,0.6510149242547214,131,289.196,233.81149681708024,outputs/runs/dreamerv3/limited_water/seed_71/evaluation.csv
dreamerv3,normal,11,1988,0,6.840375661528084,69.82068167583556,97.97062270584344,1428.0798956927592,1428.0798956927592,74.08449106857765,87,0.9050847065337364,131,,69.82068167583556,outputs/runs/dreamerv3/normal/seed_11/evaluation.csv
dreamerv3,normal,11,1998,0,10.30904225603123,29.701082791256287,347.09314567703615,2235.3181052564887,2235.3181052564887,72.57368776632076,83,0.8941197571565196,131,,29.701082791256287,outputs/runs/dreamerv3/normal/seed_11/evaluation.csv
dreamerv3,normal,23,1988,0,13.898838774005055,384.7827016604476,36.121267182821846,2634.4835584546195,2634.4835584546195,36.69312163194144,0,0.4748983920173441,131,,384.7827016604476,outputs/runs/dreamerv3/normal/seed_23/evaluation.csv
dreamerv3,normal,23,1998,0,13.455069545170254,281.4673413665772,47.8033063439735,2650.501224434221,2650.501224434221,33.566178224946164,0,0.4731451612903225,131,,281.4673413665772,outputs/runs/dreamerv3/normal/seed_23/evaluation.csv
dreamerv3,normal,37,1988,0,13.898887243141964,382.09696388059314,36.37528836132135,2637.4485332225795,2637.4485332225795,36.74211285551634,0,0.4748983920173441,131,,382.09696388059314,outputs/runs/dreamerv3/normal/seed_37/evaluation.csv
dreamerv3,normal,37,1998,0,13.455069545170254,280.0325993738556,48.04822572534548,2652.079440626215,2652.079440626215,33.60087790581459,0,0.4731451612903225,131,,280.0325993738556,outputs/runs/dreamerv3/normal/seed_37/evaluation.csv
dreamerv3,normal,53,1988,0,7.446853133149636,180.98236465023965,41.14684404494975,1439.2270881776565,1439.2270881776565,62.95509793261717,58,0.9049350508109232,131,,180.98236465023965,outputs/runs/dreamerv3/normal/seed_53/evaluation.csv
dreamerv3,normal,53,1998,0,10.92872651428442,93.77324230678526,116.54418942378445,2301.169266605108,2301.169266605108,70.35717918205661,82,0.876277713338839,131,,93.77324230678526,outputs/runs/dreamerv3/normal/seed_53/evaluation.csv
dreamerv3,normal,71,1988,0,13.892364046242465,371.7359708250794,37.37158934446924,2647.4105222657545,2647.4105222657545,41.18435522008314,0,0.4994946714177091,131,,371.7359708250794,outputs/runs/dreamerv3/normal/seed_71/evaluation.csv
dreamerv3,normal,71,1998,0,13.427888478872484,290.4548119748424,46.23055954065424,2634.63517217962,2634.63517217962,37.26288625660612,0,0.485893667112867,131,,290.4548119748424,outputs/runs/dreamerv3/normal/seed_71/evaluation.csv
dreamerv3,wet,11,1992,0,12.62504512039962,59.990536970535445,210.4506103454359,2711.520335820328,2711.520335820328,33.09008400951519,0,0.4954951756117237,131,,59.990536970535445,outputs/runs/dreamerv3/wet/seed_11/evaluation.csv
dreamerv3,wet,11,2014,0,13.427795344011413,75.00158285420805,179.03349280125263,2871.6132345428814,2871.6132345428814,51.93513305048265,49,0.8113254563621519,131,,75.00158285420805,outputs/runs/dreamerv3/wet/seed_11/evaluation.csv
dreamerv3,wet,23,1992,0,12.568033812020468,65.87851596027375,190.77590970020148,2692.5010710882016,2692.5010710882016,26.440036482260936,0,0.4606944444444443,131,,65.87851596027375,outputs/runs/dreamerv3/wet/seed_23/evaluation.csv
dreamerv3,wet,23,2014,0,13.914465787761111,223.2541882461548,62.32566518492074,2815.6028662366743,2815.6028662366743,31.038368355543263,0,0.4495833333333333,131,,223.2541882461548,outputs/runs/dreamerv3/wet/seed_23/evaluation.csv
dreamerv3,wet,37,1992,0,12.57043450595848,48.27656977269939,260.3837547933473,2712.3913645608964,2712.3913645608964,29.4599964953509,0,0.4606944444444443,131,,48.27656977269939,outputs/runs/dreamerv3/wet/seed_37/evaluation.csv
dreamerv3,wet,37,2014,0,13.915697251762213,175.7134699353375,79.19539268607684,2868.168578458816,2868.168578458816,34.70766402986268,0,0.4691664415408723,131,,175.7134699353375,outputs/runs/dreamerv3/wet/seed_37/evaluation.csv
dreamerv3,wet,53,1992,0,12.616791146642884,83.38478470321655,151.30807366773945,2683.9707890878963,2683.9707890878963,25.21892612729213,0,0.4606944444444443,131,,83.38478470321655,outputs/runs/dreamerv3/wet/seed_53/evaluation.csv
dreamerv3,wet,53,2014,0,13.914465787761111,230.5558902282715,60.35181219609923,2807.5709940563456,2807.570994056346,30.941230273520024,0,0.4495833333333333,131,,230.5558902282715,outputs/runs/dreamerv3/wet/seed_53/evaluation.csv
dreamerv3,wet,71,1992,0,12.620923076144903,70.7814670316613,178.3083002574591,2698.743463017052,2698.743463017052,30.47860110633864,1,0.5009731283840646,131,,70.7814670316613,outputs/runs/dreamerv3/wet/seed_71/evaluation.csv
dreamerv3,wet,71,2014,0,12.686592494458356,148.0825918559823,85.67240980490604,2628.159497739258,2628.159497739258,55.60594839064174,54,0.847216912513117,131,,148.0825918559823,outputs/runs/dreamerv3/wet/seed_71/evaluation.csv
dsac_t,dry,11,1989,0,12.283580760384066,234.4796003713618,52.38656472004258,2444.460206875997,2444.460206875997,56.8578436497667,53,0.8496902679760542,131,,234.4796003713618,outputs/runs/dsac_t/dry/seed_11/evaluation.csv
dsac_t,dry,23,1989,0,11.04625973981972,69.79743182848931,158.2616931660651,2353.399967749,2353.399967749,70.60811170547974,75,0.8383934418806953,131,,69.79743182848931,outputs/runs/dsac_t/dry/seed_23/evaluation.csv
dsac_t,dry,37,1989,0,12.780466238801711,238.8563238055412,53.50692012327294,2548.9606163502813,2548.9606163502813,56.836991261279294,58,0.8197269986895735,131,,238.8563238055412,outputs/runs/dsac_t/dry/seed_37/evaluation.csv
dsac_t,dry,53,1989,0,13.304652101676146,282.6637352945602,47.06883282290012,2616.093353544736,2616.093353544736,40.81193447882403,1,0.5004190931834996,131,,282.6637352945602,outputs/runs/dsac_t/dry/seed_53/evaluation.csv
dsac_t,dry,71,1989,0,13.339815099600813,263.8151268696726,50.56501216547306,2644.5626823555385,2644.5626823555385,41.98709777538198,4,0.5257675170232614,131,,263.8151268696726,outputs/runs/dsac_t/dry/seed_71/evaluation.csv
dsac_t,extreme_dry,11,2000,0,6.943059559454764,207.8782273345512,33.399647709525986,1298.8070530120417,1298.8070530120417,59.9547948394347,42,0.8866857360864211,131,,207.8782273345512,outputs/runs/dsac_t/extreme_dry/seed_11/evaluation.csv
dsac_t,extreme_dry,23,2000,0,6.627282691234316,211.6325993688816,31.315037054772343,1225.20633276578,1225.20633276578,60.81216885589862,42,0.8872802086774193,131,,211.6325993688816,outputs/runs/dsac_t/extreme_dry/seed_23/evaluation.csv
dsac_t,extreme_dry,37,2000,0,6.6758057785214096,215.92808722867176,30.91680134901399,1231.1563753231712,1231.1563753231712,59.90017967981992,42,0.8897220534556768,131,,215.92808722867176,outputs/runs/dsac_t/extreme_dry/seed_37/evaluation.csv
dsac_t,extreme_dry,53,2000,0,4.915391725612695,160.1036674813901,30.70130624074582,905.2721454052636,905.2721454052636,63.00016887503248,47,0.8870531880783998,131,,160.1036674813901,outputs/runs/dsac_t/extreme_dry/seed_53/evaluation.csv
dsac_t,extreme_dry,71,2000,0,6.607567946716058,190.14244238249972,34.75062097616246,1244.5082616567831,1244.5082616567831,62.642429315060575,43,0.8895547598538834,131,,190.14244238249972,outputs/runs/dsac_t/extreme_dry/seed_71/evaluation.csv
dsac_t,limited_water,11,1988,0,9.892279747494165,254.35933088803452,38.89096465601495,1896.506280471878,1896.5062804718775,67.043136982617,70,0.8679914335238499,131,363.303,254.35933088803452,outputs/runs/dsac_t/limited_water/seed_11/evaluation.csv
dsac_t,limited_water,11,1998,0,13.108744551767328,257.4554995560218,50.91654508982392,2600.722751877188,2600.722751877188,54.47984564127555,36,0.7864947871385188,131,289.196,257.4554995560218,outputs/runs/dsac_t/limited_water/seed_11/evaluation.csv
dsac_t,limited_water,23,1988,0,13.876892516220432,363.0732380311741,38.22064273167095,2653.535791734203,2653.5357917342035,40.777848750964,0,0.4938869664756543,131,363.303,363.0732380311741,outputs/runs/dsac_t/limited_water/seed_23/evaluation.csv
dsac_t,limited_water,23,1998,0,13.455069545170254,250.33655786325664,53.747921038843735,2684.7450862878736,2684.7450862878736,37.952198560889286,0,0.4731451612903225,131,289.196,250.33655786325664,outputs/runs/dsac_t/limited_water/seed_23/evaluation.csv
dsac_t,limited_water,37,1988,0,7.452014395643566,186.3624978051132,39.986663000387765,1434.44441945596,1434.44441945596,64.2081096627657,57,0.9038056209997116,131,363.303,186.3624978051132,outputs/runs/dsac_t/limited_water/seed_37/evaluation.csv
dsac_t,limited_water,37,1998,0,12.227985263849686,224.79515742591047,54.39612402629211,2442.8820848784294,2442.8820848784294,56.84095512897029,37,0.8695199696704772,131,289.196,224.79515742591047,outputs/runs/dsac_t/limited_water/seed_37/evaluation.csv
dsac_t,limited_water,53,1988,0,13.837425190580117,279.29983503367947,49.54326302738964,2737.0037233905778,2737.0037233905778,50.18342676573486,34,0.6969264105478022,131,363.303,279.29983503367947,outputs/runs/dsac_t/limited_water/seed_53/evaluation.csv
dsac_t,limited_water,53,1998,0,13.405314813881573,163.27064716272926,82.10486726692955,2769.571547174944,2769.571547174944,49.239665671698056,26,0.7068654898171739,131,289.196,163.27064716272926,outputs/runs/dsac_t/limited_water/seed_53/evaluation.csv
dsac_t,limited_water,71,1988,0,9.256318323397684,95.2359817455987,97.19349928185584,1931.630451227332,1931.630451227332,74.87851308538238,85,0.8651478616743521,131,363.303,95.2359817455987,outputs/runs/dsac_t/limited_water/seed_71/evaluation.csv
dsac_t,limited_water,71,1998,0,13.415502669946829,154.65269489490765,86.74599999090329,2781.292623003904,2781.292623003904,50.09862858229741,26,0.6687138894150191,131,289.196,154.65269489490765,outputs/runs/dsac_t/limited_water/seed_71/evaluation.csv
dsac_t,normal,11,1988,0,6.9371267146209705,181.4404030280084,38.23363814701242,1326.5834338858042,1326.5834338858044,66.09749567466844,62,0.9047816427642874,131,,181.4404030280084,outputs/runs/dsac_t/normal/seed_11/evaluation.csv
dsac_t,normal,11,1998,0,11.358900841856544,218.92306570602352,51.885354360557045,2258.1428129318138,2258.1428129318138,59.0428781502163,42,0.8905912312364938,131,,218.92306570602352,outputs/runs/dsac_t/normal/seed_11/evaluation.csv
dsac_t,normal,23,1988,0,9.952057289160251,273.2976387361968,36.41472109009537,1888.8252010054389,1888.8252010054389,50.48560537364464,31,0.885675608674356,131,,273.2976387361968,outputs/runs/dsac_t/normal/seed_23/evaluation.csv
dsac_t,normal,23,1998,0,13.198262671568155,246.66112433434807,53.50767254947711,2632.2905509772118,2632.2905509772118,47.239080362148336,21,0.7764751395148659,131,,246.66112433434807,outputs/runs/dsac_t/normal/seed_23/evaluation.csv
dsac_t,normal,37,1988,0,11.177406928259336,276.28577217996565,40.45596282453029,2155.1151748190914,2155.1151748190914,61.068938379838855,61,0.8680171019030603,131,,276.28577217996565,outputs/runs/dsac_t/normal/seed_37/evaluation.csv
dsac_t,normal,37,1998,0,13.174375599353786,220.01295603698392,59.87999905396112,2656.3483802171504,2656.3483802171504,48.43729568883176,19,0.7790618346455712,131,,220.01295603698392,outputs/runs/dsac_t/normal/seed_37/evaluation.csv
dsac_t,normal,53,1988,0,8.834127760425227,222.8338337470593,39.64446337378428,1698.3908901717848,1698.3908901717848,68.30639298614403,74,0.8962713537502104,131,,222.8338337470593,outputs/runs/dsac_t/normal/seed_53/evaluation.csv
dsac_t,normal,53,1998,0,11.94332038215694,216.0220122450276,55.28751564729418,2389.9062706049963,2389.9062706049963,54.619891923484246,39,0.8738696064445531,131,,216.0220122450276,outputs/runs/dsac_t/normal/seed_53/evaluation.csv
dsac_t,normal,71,1988,0,13.848986480681932,399.21523010048656,34.69052640400518,2607.64027263949,2607.64027263949,41.23166085518853,6,0.5181778692192986,131,,399.21523010048656,outputs/runs/dsac_t/normal/seed_71/evaluation.csv
dsac_t,normal,71,1998,0,13.455069545170254,277.11108927295754,48.55478566545873,2655.2931017372025,2655.2931017372025,34.25253967735571,0,0.4731451612903225,131,,277.11108927295754,outputs/runs/dsac_t/normal/seed_71/evaluation.csv
dsac_t,wet,11,1992,0,12.616791146642887,80.42442908927917,156.87759663966014,2687.227180263228,2687.227180263228,25.230328835083693,0,0.4606944444444443,131,,80.42442908927917,outputs/runs/dsac_t/wet/seed_11/evaluation.csv
dsac_t,wet,11,2014,0,13.914465787761111,230.46186934890747,60.3764337548409,2807.674417023646,2807.674417023646,30.946192242139585,0,0.4495833333333333,131,,230.46186934890747,outputs/runs/dsac_t/wet/seed_11/evaluation.csv
dsac_t,wet,23,1992,0,12.614715722395012,64.69050229660496,195.00104767399603,2704.0779064006374,2704.0779064006374,30.10316962151384,1,0.5196804476666971,131,,64.69050229660496,outputs/runs/dsac_t/wet/seed_23/evaluation.csv
dsac_t,wet,23,2014,0,13.951898721157727,220.3265581573321,63.32372655317783,2827.058504681635,2827.058504681635,33.724691236544544,2,0.5211612908371167,131,,220.3265581573321,outputs/runs/dsac_t/wet/seed_23/evaluation.csv
dsac_t,wet,37,1992,0,12.61394781074766,73.43577009365082,171.7684419277064,2694.289171261469,2694.289171261469,25.46451276914478,0,0.4606944444444443,131,,73.43577009365082,outputs/runs/dsac_t/wet/seed_37/evaluation.csv
dsac_t,wet,37,2014,0,13.91606754718047,224.6152092296999,61.955143620525625,2814.458130227033,2814.458130227033,31.20841477315903,0,0.4495833333333333,131,,224.6152092296999,outputs/runs/dsac_t/wet/seed_37/evaluation.csv
dsac_t,wet,53,1992,0,12.615404320331535,75.1226007119751,167.93087833446836,2692.754089689765,2692.754089689765,25.49930563776609,0,0.4606944444444443,131,,75.1226007119751,outputs/runs/dsac_t/wet/seed_53/evaluation.csv
dsac_t,wet,53,2014,0,13.914465787761111,227.40434153862,61.1882152012389,2811.0376976149623,2811.0376976149623,31.032715580826277,0,0.4495833333333333,131,,227.40434153862,outputs/runs/dsac_t/wet/seed_53/evaluation.csv
dsac_t,wet,71,1992,0,12.581282525266872,63.801633236846925,197.19373763618464,2697.7003589981805,2697.7003589981805,26.239436923973425,0,0.4606944444444443,131,,63.801633236846925,outputs/runs/dsac_t/wet/seed_71/evaluation.csv
dsac_t,wet,71,2014,0,13.91338570574356,197.58876373379388,70.41587508735414,2843.5972151564097,2843.5972151564097,33.43684488451672,0,0.4495833333333333,131,,197.58876373379388,outputs/runs/dsac_t/wet/seed_71/evaluation.csv
fixed_interval,dry,11,1989,0,13.397859335972631,268.64017896509773,49.87287972925788,2652.024857052372,2652.024857052372,47.08370721958093,11,0.6844567728788912,131,,268.64017896509773,outputs/runs/fixed_interval/dry/seed_11/evaluation.csv
fixed_interval,extreme_dry,11,2000,0,13.750028412015102,350.0,39.28579546290029,2640.0062506433223,2640.0062506433223,65.94495062874581,73,0.7301444329682104,131,,350.0,outputs/runs/fixed_interval/extreme_dry/seed_11/evaluation.csv
fixed_interval,limited_water,11,1988,0,13.90290721316787,343.4948896913178,40.47485895834357,2680.795208236482,2680.795208236482,57.53345074204208,59,0.7718475691926535,131,363.303,343.4948896913178,outputs/runs/fixed_interval/limited_water/seed_11/evaluation.csv
fixed_interval,limited_water,11,1998,0,13.427226061112645,225.0,59.67656027161175,2706.489733444782,2706.489733444782,48.30737499049353,11,0.588192654555338,131,289.196,225.0,outputs/runs/fixed_interval/limited_water/seed_11/evaluation.csv
fixed_interval,normal,11,1988,0,13.90290721316787,343.4948896913178,40.47485895834357,2680.795208236482,2680.795208236482,57.53345074204208,59,0.7718475691926535,131,,343.4948896913178,outputs/runs/fixed_interval/normal/seed_11/evaluation.csv
fixed_interval,normal,11,1998,0,13.427226061112645,225.0,59.67656027161175,2706.489733444782,2706.489733444782,48.30737499049353,11,0.588192654555338,131,,225.0,outputs/runs/fixed_interval/normal/seed_11/evaluation.csv
fixed_interval,wet,11,1992,0,12.627264073482458,68.99781797656016,183.00961456161085,2702.1004963919245,2702.1004963919245,31.011307507839906,1,0.5188051475037435,131,,68.99781797656016,outputs/runs/fixed_interval/wet/seed_11/evaluation.csv
fixed_interval,wet,11,2014,0,13.928853743197717,175.0,79.5934499611298,2871.8478235034977,2871.8478235034977,42.73355608036319,23,0.593329636145895,131,,175.0,outputs/runs/fixed_interval/wet/seed_11/evaluation.csv
ppo,dry,11,1989,0,13.319985174154526,320.5539456649059,41.55302205538502,2577.7873980826,2577.7873980826,36.49992820876511,0,0.4856183701931424,131,,320.5539456649059,outputs/runs/ppo/dry/seed_11/evaluation.csv
ppo,dry,23,1989,0,13.314588499580042,306.6733227741637,43.41619407627768,2591.868814856029,2591.868814856029,39.76592705647128,0,0.4855562604098466,131,,306.6733227741637,outputs/runs/ppo/dry/seed_23/evaluation.csv
ppo,dry,37,1989,0,13.32056035639214,322.3317823660583,41.3256187727233,2575.9583178036064,2575.9583178036064,36.366641234680095,0,0.4856804352695885,131,,322.3317823660583,outputs/runs/ppo/dry/seed_37/evaluation.csv
ppo,dry,53,1989,0,13.32039941414299,321.29150118142365,41.4589223965229,2577.067219811892,2577.067219811892,36.44275827650833,0,0.4856182785478222,131,,321.29150118142365,outputs/runs/ppo/dry/seed_53/evaluation.csv
ppo,dry,71,1989,0,13.407932658095714,266.9141859642061,50.23312121707068,2656.13958022043,2656.13958022043,51.24280992152006,33,0.7158957122195234,131,,266.9141859642061,outputs/runs/ppo/dry/seed_71/evaluation.csv
ppo,extreme_dry,11,2000,0,13.804220535254178,466.0299660519791,29.62088608206476,2524.295555098742,2524.295555098742,42.02723951352718,1,0.5185706200705209,131,,466.0299660519791,outputs/runs/ppo/extreme_dry/seed_11/evaluation.csv
ppo,extreme_dry,23,2000,0,13.811974082831483,451.5543773854487,30.58762083717223,2541.924483098933,2541.924483098933,44.80900310455624,0,0.4953814143134841,131,,451.5543773854487,outputs/runs/ppo/extreme_dry/seed_23/evaluation.csv
ppo,extreme_dry,37,2000,0,13.809597040663666,466.9931517099762,29.571305253829607,2524.418882065033,2524.418882065033,41.9437679347596,1,0.5177527639556351,131,,466.9931517099762,outputs/runs/ppo/extreme_dry/seed_37/evaluation.csv
ppo,extreme_dry,53,2000,0,13.804310658473684,466.07831010887145,29.61800701527846,2524.262203744452,2524.262203744452,42.02104869462516,1,0.5185705264582948,131,,466.07831010887145,outputs/runs/ppo/extreme_dry/seed_53/evaluation.csv
ppo,extreme_dry,71,2000,0,13.770252971490878,434.3094563236768,31.706085996958706,2551.7152517719487,2551.7152517719487,48.44862342106701,0,0.4791000081367721,131,,434.3094563236768,outputs/runs/ppo/extreme_dry/seed_71/evaluation.csv
ppo,limited_water,11,1988,0,13.874314766125014,363.303,38.189375717032384,2652.715948547503,2652.715948547503,37.4329357012131,0,0.4724539475728996,131,363.303,363.303,outputs/runs/ppo/limited_water/seed_11/evaluation.csv
ppo,limited_water,11,1998,0,13.455069545170254,267.17616717041017,50.36029106813389,2666.2215160500045,2666.2215160500045,33.80698528787753,0,0.4731451612903225,131,289.196,267.17616717041017,outputs/runs/ppo/limited_water/seed_11/evaluation.csv
ppo,limited_water,23,1988,0,13.877534602234952,363.303,38.198238391191246,2653.4243124916898,2653.4243124916898,40.793110175818086,0,0.4912722468151688,131,363.303,363.303,outputs/runs/ppo/limited_water/seed_23/evaluation.csv
ppo,limited_water,23,1998,0,13.448044516782414,283.7739424513459,47.38999078144087,2646.4184569956506,2646.4184569956506,38.13907939191549,0,0.4731451612903225,131,289.196,283.7739424513459,outputs/runs/ppo/limited_water/seed_23/evaluation.csv
ppo,limited_water,37,1988,0,13.87435691401678,363.303,38.18949173008971,2652.725221083692,2652.725221083692,37.43176879505755,0,0.4724539475728996,131,363.303,363.303,outputs/runs/ppo/limited_water/seed_37/evaluation.csv
ppo,limited_water,37,1998,0,13.455069545170254,267.2095976532745,50.35399051283056,2666.184742518854,2666.184742518854,33.8056131074264,0,0.4731451612903225,131,289.196,267.2095976532745,outputs/runs/ppo/limited_water/seed_37/evaluation.csv
ppo,limited_water,53,1988,0,13.871093384532768,363.303,38.180508788897335,2652.007244597209,2652.007244597209,37.44196241094458,0,0.4721761697951218,131,363.303,363.303,outputs/runs/ppo/limited_water/seed_53/evaluation.csv
ppo,limited_water,53,1998,0,13.455069545170254,266.6194631621552,50.46544384116107,2666.833890459085,2666.833890459085,33.82355170391764,0,0.4731451612903225,131,289.196,266.6194631621552,outputs/runs/ppo/limited_water/seed_53/evaluation.csv
ppo,limited_water,71,1988,0,7.492424873471471,23.575361540789824,317.8074219777356,1622.4005744688548,1622.4005744688548,75.49678623390518,85,0.9002563905956154,131,363.303,23.575361540789824,outputs/runs/ppo/limited_water/seed_71/evaluation.csv
ppo,limited_water,71,1998,0,11.447851595093764,46.61908111799109,245.56150229816183,2467.2463616908376,2467.2463616908376,69.72196781258832,77,0.8754900608040714,131,289.196,46.61908111799109,outputs/runs/ppo/limited_water/seed_71/evaluation.csv
ppo,normal,11,1988,0,13.874293006086052,368.905545267046,37.60933708936967,2646.548361545181,2646.548361545181,37.16899817794629,0,0.4724539475728996,131,,368.905545267046,outputs/runs/ppo/normal/seed_11/evaluation.csv
ppo,normal,11,1998,0,13.455069545170254,267.17181291439056,50.36111181938808,2666.2263057316263,2666.2263057316263,33.80698528787753,0,0.4731451612903225,131,,267.17181291439056,outputs/runs/ppo/normal/seed_11/evaluation.csv
ppo,normal,23,1988,0,13.867603948874764,374.2794195682719,37.051473374814265,2639.1655072273484,2639.1655072273484,41.38620243789737,0,0.4852876154402532,131,,374.2794195682719,outputs/runs/ppo/normal/seed_23/evaluation.csv
ppo,normal,23,1998,0,13.4393629292266,266.91923140249884,50.34992367770164,2663.0486898871027,2663.0486898871027,38.38367387271134,0,0.4731451612903225,131,,266.91923140249884,outputs/runs/ppo/normal/seed_23/evaluation.csv
ppo,normal,37,1988,0,13.874314766125014,368.9123287170309,37.60870452439425,2646.545686958769,2646.545686958769,37.16746291931136,0,0.4724539475728996,131,,368.9123287170309,outputs/runs/ppo/normal/seed_37/evaluation.csv
ppo,normal,37,1998,0,13.455069545170254,267.1906483563232,50.35756164349991,2666.2055867455,2666.2055867455,33.80607050091012,0,0.4731451612903225,131,,267.1906483563232,outputs/runs/ppo/normal/seed_37/evaluation.csv
ppo,normal,53,1988,0,13.871083236696103,368.2503954781283,37.6675311337716,2646.5628770472017,2646.5628770472017,37.2092104674137,0,0.4721761697951218,131,,368.2503954781283,outputs/runs/ppo/normal/seed_53/evaluation.csv
ppo,normal,53,1998,0,13.455069545170254,266.61117856761933,50.46701198898796,2666.8430035130746,2666.8430035130746,33.823789799155726,0,0.4731451612903225,131,,266.61117856761933,outputs/runs/ppo/normal/seed_53/evaluation.csv
ppo,normal,71,1988,0,12.971061266666364,320.0553415592917,40.52755752637053,2501.5726029513794,2501.5726029513794,61.986247320129046,75,0.790441538241613,131,,320.0553415592917,outputs/runs/ppo/normal/seed_71/evaluation.csv
ppo,normal,71,1998,0,13.43273492451428,228.8324237284812,58.70118712046138,2703.4860172918125,2703.4860172918125,51.6433126996709,29,0.6821649810417285,131,,228.8324237284812,outputs/runs/ppo/normal/seed_71/evaluation.csv
ppo,wet,11,1992,0,12.576956257747662,67.36344563365937,186.70298318979331,2692.8305865074603,2692.8305865074603,26.389559209358463,0,0.4606944444444443,131,,67.36344563365937,outputs/runs/ppo/wet/seed_11/evaluation.csv
ppo,wet,11,2014,0,13.910062637832558,215.97135957431797,64.40697815325815,2822.645284791413,2822.645284791413,31.69341414816433,0,0.4495833333333333,131,,215.97135957431797,outputs/runs/ppo/wet/seed_11/evaluation.csv
ppo,wet,23,1992,0,12.56599894127408,67.12331652845027,187.20765884605797,2690.6841188990024,2690.6841188990024,30.05295664205475,0,0.4606944444444443,131,,67.12331652845027,outputs/runs/ppo/wet/seed_23/evaluation.csv
ppo,wet,23,2014,0,13.925133653965664,208.71048214622544,66.7198576265543,2833.947873511598,2833.947873511598,33.081506820343805,0,0.4501208793312168,131,,208.71048214622544,outputs/runs/ppo/wet/seed_23/evaluation.csv
ppo,wet,37,1992,0,12.580277134479488,67.9187147572708,185.22548872485476,2692.9503833524896,2692.9503833524896,26.276301402212564,0,0.4606944444444443,131,,67.9187147572708,outputs/runs/ppo/wet/seed_37/evaluation.csv
ppo,wet,37,2014,0,13.910897332686709,216.49625472316745,64.25467891107168,2822.251532995592,2822.251532995592,31.64765123529088,0,0.4495833333333333,131,,216.49625472316745,outputs/runs/ppo/wet/seed_37/evaluation.csv
ppo,wet,53,1992,0,12.58041313818703,68.00626285919189,184.9890379101552,2692.8840012560354,2692.8840012560354,26.26981423039699,0,0.4606944444444443,131,,68.00626285919189,outputs/runs/ppo/wet/seed_53/evaluation.csv
ppo,wet,53,2014,0,13.910949339085365,216.5614597648621,64.2355724522248,2822.191248857432,2822.191248857432,31.64153530825527,0,0.4495833333333333,131,,216.5614597648621,outputs/runs/ppo/wet/seed_53/evaluation.csv
ppo,wet,71,1992,0,12.591808269154823,75.42077275778122,166.95411368422657,2687.234969180502,2687.234969180502,29.609461254414327,0,0.4606944444444443,131,,75.42077275778122,outputs/runs/ppo/wet/seed_71/evaluation.csv
ppo,wet,71,2014,0,13.923397845468386,207.1674191471092,67.20843413887107,2835.263364941225,2835.263364941225,33.18398912628253,0,0.4500813848604428,131,,207.1674191471092,outputs/runs/ppo/wet/seed_71/evaluation.csv
rainfed,dry,11,1989,0,9.94642283281351,0.0,,2188.2130232189725,2188.2130232189725,73.65932584136459,79,0.8827557675340952,131,,0.0,outputs/runs/rainfed/dry/seed_11/evaluation.csv
rainfed,extreme_dry,11,2000,0,0.7383863929751872,0.0,,162.4450064545412,162.4450064545412,48.758405336841285,47,0.887055807312996,84,,0.0,outputs/runs/rainfed/extreme_dry/seed_11/evaluation.csv
rainfed,limited_water,11,1988,0,6.842003567022912,0.0,,1505.2407847450406,1505.2407847450406,75.12644939129352,86,0.9044374187111758,131,363.303,0.0,outputs/runs/rainfed/limited_water/seed_11/evaluation.csv
rainfed,limited_water,11,1998,0,10.309039516615696,0.0,,2267.988693655453,2267.988693655453,73.0105125746463,83,0.8941197571565196,131,289.196,0.0,outputs/runs/rainfed/limited_water/seed_11/evaluation.csv
rainfed,normal,11,1988,0,6.842003567022912,0.0,,1505.2407847450406,1505.2407847450406,75.12644939129352,86,0.9044374187111758,131,,0.0,outputs/runs/rainfed/normal/seed_11/evaluation.csv
rainfed,normal,11,1998,0,10.309039516615696,0.0,,2267.988693655453,2267.988693655453,73.0105125746463,83,0.8941197571565196,131,,0.0,outputs/runs/rainfed/normal/seed_11/evaluation.csv
rainfed,wet,11,1992,0,12.60938340796473,0.0,,2774.064349752241,2774.064349752241,43.161215645332845,5,0.6055629879634719,131,,0.0,outputs/runs/rainfed/wet/seed_11/evaluation.csv
rainfed,wet,11,2014,0,12.370297146417515,0.0,,2721.4653722118533,2721.4653722118533,58.938740487882015,56,0.858266039685525,131,,0.0,outputs/runs/rainfed/wet/seed_11/evaluation.csv
soil_moisture_threshold,dry,11,1989,0,13.317734051272977,250.0,53.27093620509191,2654.901491280055,2654.901491280055,40.2243011412929,3,0.5426907366103169,131,,250.0,outputs/runs/soil_moisture_threshold/dry/seed_11/evaluation.csv
soil_moisture_threshold,extreme_dry,11,2000,0,13.822405486781465,442.283,31.252400582390607,2554.417907091922,2554.417907091922,46.10702212021194,2,0.5169363025052478,131,,442.283,outputs/runs/soil_moisture_threshold/extreme_dry/seed_11/evaluation.csv
soil_moisture_threshold,limited_water,11,1988,0,13.842613757906651,325.0,42.592657716635856,2687.8750267394635,2687.8750267394635,43.94792511099425,3,0.5323088141103783,131,363.303,325.0,outputs/runs/soil_moisture_threshold/limited_water/seed_11/evaluation.csv
soil_moisture_threshold,limited_water,11,1998,0,13.444233968733162,267.601,50.2398495100286,2663.3703731212954,2663.3703731212954,41.39964971803256,1,0.5107061845850883,131,289.196,267.601,outputs/runs/soil_moisture_threshold/limited_water/seed_11/evaluation.csv
soil_moisture_threshold,normal,11,1988,0,13.842613757906651,325.0,42.592657716635856,2687.8750267394635,2687.8750267394635,43.94792511099425,3,0.5323088141103783,131,,325.0,outputs/runs/soil_moisture_threshold/normal/seed_11/evaluation.csv
soil_moisture_threshold,normal,11,1998,0,13.444233968733162,267.601,50.2398495100286,2663.3703731212954,2663.3703731212954,41.39964971803256,1,0.5107061845850883,131,,267.601,outputs/runs/soil_moisture_threshold/normal/seed_11/evaluation.csv
soil_moisture_threshold,wet,11,1992,0,12.613046763669573,83.536,150.98935505254707,2682.980688007306,2682.980688007306,25.82258120994728,1,0.5193304686432959,131,,83.536,outputs/runs/soil_moisture_threshold/wet/seed_11/evaluation.csv
soil_moisture_threshold,wet,11,2014,0,13.91251373849694,200.0,69.5625686924847,2840.753022469327,2840.753022469327,34.306712226788264,0,0.4904300002360706,131,,200.0,outputs/runs/soil_moisture_threshold/wet/seed_11/evaluation.csv
