scenario,metric,algorithm_a,algorithm_b,n_paired_seeds,wilcoxon_statistic,p_value,median_raw_difference_a_minus_b,a_win_rate,ties_rate,p_holm_within_scenario_metric
dry,dry_yield_tonne_per_ha,ppo,crossq,5,0.0,0.0625,0.5219397555799627,1.0,0.0,0.375
dry,dry_yield_tonne_per_ha,ppo,dsac_t,5,0.0,0.0625,0.5400941175904279,1.0,0.0,0.375
dry,dry_yield_tonne_per_ha,ppo,dreamerv3,5,1.0,0.125,0.011509248985525744,0.8,0.0,0.5
dry,dry_yield_tonne_per_ha,crossq,dsac_t,5,6.0,0.8125,-0.22321992322051187,0.4,0.0,1.0
dry,dry_yield_tonne_per_ha,crossq,dreamerv3,5,5.0,0.625,-0.5143224720449169,0.2,0.0,1.0
dry,dry_yield_tonne_per_ha,dsac_t,dreamerv3,5,6.0,0.8125,-0.008130028931798705,0.4,0.0,1.0
dry,total_irrigation_mm,ppo,crossq,5,0.0,0.0625,183.81414242644834,0.0,0.0,0.375
dry,total_irrigation_mm,ppo,dsac_t,5,0.0,0.0625,83.4754585605171,0.0,0.0,0.375
dry,total_irrigation_mm,ppo,dreamerv3,5,3.0,0.3125,40.28022612174681,0.4,0.0,0.625
dry,total_irrigation_mm,crossq,dsac_t,5,1.0,0.125,-119.60187019494583,0.8,0.0,0.5
dry,total_irrigation_mm,crossq,dreamerv3,5,1.0,0.125,-137.3583665146815,0.8,0.0,0.5
dry,total_irrigation_mm,dsac_t,dreamerv3,5,5.0,0.625,-40.564223246533004,0.6,0.0,0.625
dry,water_productivity_kg_per_ha_per_mm,ppo,crossq,5,0.0,0.0625,-51.63611357499014,0.0,0.0,0.375
dry,water_productivity_kg_per_ha_per_mm,ppo,dsac_t,5,0.0,0.0625,-10.833542664657557,0.0,0.0,0.375
dry,water_productivity_kg_per_ha_per_mm,ppo,dreamerv3,5,4.0,0.4375,-5.860971099797695,0.4,0.0,1.0
dry,water_productivity_kg_per_ha_per_mm,crossq,dsac_t,5,5.0,0.625,46.02620314861292,0.8,0.0,1.0
dry,water_productivity_kg_per_ha_per_mm,crossq,dreamerv3,5,0.0,0.0625,44.261761604312106,1.0,0.0,0.375
dry,water_productivity_kg_per_ha_per_mm,dsac_t,dreamerv3,5,5.0,0.625,6.320330250751944,0.6,0.0,1.0
dry,profit,ppo,crossq,5,0.0,0.0625,-45.78827662155891,0.0,0.0,0.375
dry,profit,ppo,dsac_t,5,3.0,0.3125,26.997701453325135,0.8,0.0,0.9375
dry,profit,ppo,dreamerv3,5,5.0,0.625,35.4600181905239,0.6,0.0,1.0
dry,profit,crossq,dsac_t,5,0.0,0.0625,57.786864408543806,1.0,0.0,0.375
dry,profit,crossq,dreamerv3,5,1.0,0.125,108.04339197484342,0.8,0.0,0.5
dry,profit,dsac_t,dreamerv3,5,7.0,1.0,-12.839984273837217,0.4,0.0,1.0
dry,episode_reward,ppo,crossq,5,0.0,0.0625,-45.78827662155891,0.0,0.0,0.375
dry,episode_reward,ppo,dsac_t,5,3.0,0.3125,26.997701453325135,0.8,0.0,0.9375
dry,episode_reward,ppo,dreamerv3,5,5.0,0.625,35.4600181905239,0.6,0.0,1.0
dry,episode_reward,crossq,dsac_t,5,0.0,0.0625,57.786864408543806,1.0,0.0,0.375
dry,episode_reward,crossq,dreamerv3,5,1.0,0.125,108.04339197484342,0.8,0.0,0.5
dry,episode_reward,dsac_t,dreamerv3,5,7.0,1.0,-12.839984273837217,0.4,0.0,1.0
dry,stress_exposure,ppo,crossq,5,0.0,0.0625,-28.705104752523738,1.0,0.0,0.375
dry,stress_exposure,ppo,dsac_t,5,2.0,0.1875,-20.357915441001587,0.8,0.0,0.625
dry,stress_exposure,ppo,dreamerv3,5,7.0,1.0,-1.7551314723109144,0.6,0.0,1.0
dry,stress_exposure,crossq,dsac_t,5,1.0,0.125,9.897470835746425,0.2,0.0,0.625
dry,stress_exposure,crossq,dreamerv3,5,1.0,0.125,26.949973280212824,0.2,0.0,0.625
dry,stress_exposure,dsac_t,dreamerv3,5,3.0,0.3125,3.278530544975311,0.2,0.0,0.625
dry,stress_days,ppo,crossq,5,0.0,0.0625,-72.0,1.0,0.0,0.375
dry,stress_days,ppo,dsac_t,5,2.0,0.1875,-53.0,0.8,0.0,0.625
dry,stress_days,ppo,dreamerv3,5,4.0,1.0,0.0,0.2,0.6,1.0
dry,stress_days,crossq,dsac_t,5,1.0,0.125,19.0,0.2,0.0,0.625
dry,stress_days,crossq,dreamerv3,5,1.0,0.125,70.0,0.2,0.0,0.625
dry,stress_days,dsac_t,dreamerv3,5,3.0,0.3125,2.0,0.2,0.0,0.625
dry,max_daily_stress,ppo,crossq,5,0.0,0.0625,-0.30354062169661694,1.0,0.0,0.375
dry,max_daily_stress,ppo,dsac_t,5,2.0,0.1875,-0.33404656341998507,0.8,0.0,0.75
dry,max_daily_stress,ppo,dreamerv3,5,6.0,0.8125,-6.198580501559636e-05,0.6,0.0,1.0
dry,max_daily_stress,crossq,dsac_t,5,5.0,0.625,0.004845918083620893,0.4,0.0,1.0
dry,max_daily_stress,crossq,dreamerv3,5,1.0,0.125,0.2994478013669722,0.2,0.0,0.625
dry,max_daily_stress,dsac_t,dreamerv3,5,3.0,0.3125,0.016414276342870848,0.4,0.0,0.9375
extreme_dry,dry_yield_tonne_per_ha,ppo,crossq,5,0.0,0.0625,1.2610111453888297,1.0,0.0,0.375
extreme_dry,dry_yield_tonne_per_ha,ppo,dsac_t,5,0.0,0.0625,7.16268502477482,1.0,0.0,0.375
extreme_dry,dry_yield_tonne_per_ha,ppo,dreamerv3,5,0.0,0.0625,8.148217488227044,1.0,0.0,0.375
extreme_dry,dry_yield_tonne_per_ha,crossq,dsac_t,5,0.0,0.0625,5.872780116753427,1.0,0.0,0.375
extreme_dry,dry_yield_tonne_per_ha,crossq,dreamerv3,5,0.0,0.0625,7.308539612832433,1.0,0.0,0.375
extreme_dry,dry_yield_tonne_per_ha,dsac_t,dreamerv3,5,5.0,0.625,1.287056512427629,0.6,0.0,0.625
extreme_dry,total_irrigation_mm,ppo,crossq,5,0.0,0.0625,167.49801014721675,0.0,0.0,0.375
extreme_dry,total_irrigation_mm,ppo,dsac_t,5,0.0,0.0625,251.06506448130443,0.0,0.0,0.375
extreme_dry,total_irrigation_mm,ppo,dreamerv3,5,0.0,0.0625,286.9250084643438,0.0,0.0,0.375
extreme_dry,total_irrigation_mm,crossq,dsac_t,5,0.0,0.0625,76.66900379396031,0.0,0.0,0.375
extreme_dry,total_irrigation_mm,crossq,dreamerv3,5,1.0,0.125,150.12341131046486,0.2,0.0,0.375
extreme_dry,total_irrigation_mm,dsac_t,dreamerv3,5,5.0,0.625,28.77326974691593,0.4,0.0,0.625
extreme_dry,water_productivity_kg_per_ha_per_mm,ppo,crossq,5,0.0,0.0625,-14.933384375150276,0.0,0.0,0.375
extreme_dry,water_productivity_kg_per_ha_per_mm,ppo,dsac_t,5,0.0,0.0625,-1.3454960951843837,0.0,0.0,0.375
extreme_dry,water_productivity_kg_per_ha_per_mm,ppo,dreamerv3,5,3.0,0.3125,-2.2534175215872168,0.2,0.0,0.9375
extreme_dry,water_productivity_kg_per_ha_per_mm,crossq,dsac_t,5,0.0,0.0625,12.955782776495507,1.0,0.0,0.375
extreme_dry,water_productivity_kg_per_ha_per_mm,crossq,dreamerv3,5,6.0,0.8125,7.151813492623038,0.6,0.0,1.0
extreme_dry,water_productivity_kg_per_ha_per_mm,dsac_t,dreamerv3,5,5.0,0.625,-1.1701182961198597,0.4,0.0,1.0
extreme_dry,profit,ppo,crossq,5,5.0,0.625,78.3557305430827,0.6,0.0,1.0
extreme_dry,profit,ppo,dsac_t,5,0.0,0.0625,1307.2069901151656,1.0,0.0,0.375
extreme_dry,profit,ppo,dreamerv3,5,0.0,0.0625,1476.9903380991711,1.0,0.0,0.375
extreme_dry,profit,crossq,dsac_t,5,0.0,0.0625,1214.906776198779,1.0,0.0,0.375
extreme_dry,profit,crossq,dreamerv3,5,0.0,0.0625,1442.7429623816242,1.0,0.0,0.375
extreme_dry,profit,dsac_t,dreamerv3,5,5.0,0.625,251.50183601247068,0.6,0.0,1.0
extreme_dry,episode_reward,ppo,crossq,5,5.0,0.625,78.35573054308225,0.6,0.0,1.0
extreme_dry,episode_reward,ppo,dsac_t,5,0.0,0.0625,1307.2069901151656,1.0,0.0,0.375
extreme_dry,episode_reward,ppo,dreamerv3,5,0.0,0.0625,1476.9903380991711,1.0,0.0,0.375
extreme_dry,episode_reward,crossq,dsac_t,5,0.0,0.0625,1214.9067761987794,1.0,0.0,0.375
extreme_dry,episode_reward,crossq,dreamerv3,5,0.0,0.0625,1442.7429623816242,1.0,0.0,0.375
extreme_dry,episode_reward,dsac_t,dreamerv3,5,5.0,0.625,251.50183601247068,0.6,0.0,1.0
extreme_dry,stress_exposure,ppo,crossq,5,0.0,0.0625,-24.78081134171677,1.0,0.0,0.375
extreme_dry,stress_exposure,ppo,dsac_t,5,0.0,0.0625,-17.92755532590752,1.0,0.0,0.375
extreme_dry,stress_exposure,ppo,dreamerv3,5,0.0,0.0625,-17.914615743213346,1.0,0.0,0.375
extreme_dry,stress_exposure,crossq,dsac_t,5,1.0,0.125,8.84921693596413,0.2,0.0,0.375
extreme_dry,stress_exposure,crossq,dreamerv3,5,2.0,0.1875,8.56681657337569,0.2,0.0,0.375
extreme_dry,stress_exposure,dsac_t,dreamerv3,5,5.0,0.625,0.5936260100923789,0.4,0.0,0.625
extreme_dry,stress_days,ppo,crossq,5,0.0,0.0625,-70.0,1.0,0.0,0.375
extreme_dry,stress_days,ppo,dsac_t,5,0.0,0.0625,-42.0,1.0,0.0,0.375
extreme_dry,stress_days,ppo,dreamerv3,5,0.0,0.0625,-46.0,1.0,0.0,0.375
extreme_dry,stress_days,crossq,dsac_t,5,1.0,0.125,29.0,0.2,0.0,0.375
extreme_dry,stress_days,crossq,dreamerv3,5,1.0,0.125,23.0,0.2,0.0,0.375
extreme_dry,stress_days,dsac_t,dreamerv3,5,1.0,0.125,-5.0,0.8,0.0,0.375
extreme_dry,max_daily_stress,ppo,crossq,5,0.0,0.0625,-0.29361732100480314,1.0,0.0,0.375
extreme_dry,max_daily_stress,ppo,dsac_t,5,0.0,0.0625,-0.3719692895000417,1.0,0.0,0.375
extreme_dry,max_daily_stress,ppo,dreamerv3,5,0.0,0.0625,-0.36995507672671935,1.0,0.0,0.375
extreme_dry,max_daily_stress,crossq,dsac_t,5,0.0,0.0625,-0.08576711081496102,1.0,0.0,0.375
extreme_dry,max_daily_stress,crossq,dreamerv3,5,0.0,0.0625,-0.08310086467228028,1.0,0.0,0.375
extreme_dry,max_daily_stress,dsac_t,dreamerv3,5,5.0,0.625,0.00013744071188892537,0.4,0.0,0.625
limited_water,dry_yield_tonne_per_ha,ppo,crossq,5,5.0,0.625,1.0987416887777215,0.8,0.0,1.0
limited_water,dry_yield_tonne_per_ha,ppo,dsac_t,5,4.0,0.4375,0.04171146262066827,0.6,0.0,1.0
limited_water,dry_yield_tonne_per_ha,ppo,dreamerv3,5,5.0,0.625,0.3713588391206031,0.6,0.0,1.0
limited_water,dry_yield_tonne_per_ha,crossq,dsac_t,5,5.0,0.625,0.43976214200118946,0.6,0.0,1.0
limited_water,dry_yield_tonne_per_ha,crossq,dreamerv3,5,6.0,0.8125,-0.7273828496571184,0.4,0.0,1.0
limited_water,dry_yield_tonne_per_ha,dsac_t,dreamerv3,5,7.0,1.0,0.3296473764999348,0.6,0.0,1.0
limited_water,total_irrigation_mm,ppo,crossq,5,1.0,0.125,144.96169346772632,0.2,0.0,0.75
limited_water,total_irrigation_mm,ppo,dsac_t,5,3.0,0.3125,59.33216836317695,0.2,0.0,1.0
limited_water,total_irrigation_mm,ppo,dreamerv3,5,6.0,0.8125,2.1491082752078228,0.4,0.0,1.0
limited_water,total_irrigation_mm,crossq,dsac_t,5,1.0,0.125,-53.72246190979013,0.8,0.0,0.75
limited_water,total_irrigation_mm,crossq,dreamerv3,5,4.0,0.4375,-130.79917147716887,0.8,0.0,1.0
limited_water,total_irrigation_mm,dsac_t,dreamerv3,5,7.0,1.0,-66.90058097925817,0.6,0.0,1.0
limited_water,water_productivity_kg_per_ha_per_mm,ppo,crossq,5,5.0,0.625,-25.90317422838382,0.2,0.0,1.0
limited_water,water_productivity_kg_per_ha_per_mm,ppo,dsac_t,5,5.0,0.625,-2.9196523918797936,0.2,0.0,1.0
limited_water,water_productivity_kg_per_ha_per_mm,ppo,dreamerv3,4,3.0,0.625,1.0099491997010297,0.75,0.0,1.0
limited_water,water_productivity_kg_per_ha_per_mm,crossq,dsac_t,5,1.0,0.125,25.274252748047516,0.8,0.0,0.75
limited_water,water_productivity_kg_per_ha_per_mm,crossq,dreamerv3,4,0.0,0.125,29.461702125646347,1.0,0.0,0.75
limited_water,water_productivity_kg_per_ha_per_mm,dsac_t,dreamerv3,4,2.0,0.375,12.074954355934373,0.75,0.0,1.0
limited_water,profit,ppo,crossq,5,5.0,0.625,95.48006380348397,0.8,0.0,1.0
limited_water,profit,ppo,dsac_t,5,6.0,0.8125,-19.219054267367937,0.4,0.0,1.0
limited_water,profit,ppo,dreamerv3,5,3.0,0.3125,79.33492550380379,0.8,0.0,1.0
limited_water,profit,crossq,dsac_t,5,3.0,0.3125,190.94014885526622,0.6,0.0,1.0
limited_water,profit,crossq,dreamerv3,5,6.0,0.8125,-16.145138299680184,0.4,0.0,1.0
limited_water,profit,dsac_t,dreamerv3,5,7.0,1.0,52.04851296694892,0.6,0.0,1.0
limited_water,episode_reward,ppo,crossq,5,5.0,0.625,95.48006380348397,0.8,0.0,1.0
limited_water,episode_reward,ppo,dsac_t,5,6.0,0.8125,-19.219054267367937,0.4,0.0,1.0
limited_water,episode_reward,ppo,dreamerv3,5,3.0,0.3125,79.33492550380379,0.8,0.0,1.0
limited_water,episode_reward,crossq,dsac_t,5,3.0,0.3125,190.94014885526667,0.6,0.0,1.0
limited_water,episode_reward,crossq,dreamerv3,5,6.0,0.8125,-16.145138299680184,0.4,0.0,1.0
limited_water,episode_reward,dsac_t,dreamerv3,5,7.0,1.0,52.04851296694892,0.6,0.0,1.0
limited_water,stress_exposure,ppo,crossq,5,1.0,0.125,-31.328978399030547,0.8,0.0,0.625
limited_water,stress_exposure,ppo,dsac_t,5,3.0,0.3125,-14.07878916128535,0.6,0.0,0.9375
limited_water,stress_exposure,ppo,dreamerv3,5,5.0,0.625,-13.150449517831966,0.6,0.0,1.0
limited_water,stress_exposure,crossq,dsac_t,5,0.0,0.0625,9.246733832065658,0.0,0.0,0.375
limited_water,stress_exposure,crossq,dreamerv3,5,1.0,0.125,15.10207995210368,0.2,0.0,0.625
limited_water,stress_exposure,dsac_t,dreamerv3,5,6.0,0.8125,-5.563448148104584,0.6,0.0,1.0
limited_water,stress_days,ppo,crossq,5,1.0,0.125,-76.0,0.8,0.0,0.625
limited_water,stress_days,ppo,dsac_t,5,2.0,0.25,-30.0,0.6,0.2,0.75
limited_water,stress_days,ppo,dreamerv3,5,4.0,0.5,-34.5,0.6,0.2,1.0
limited_water,stress_days,crossq,dsac_t,5,0.0,0.0625,29.0,0.0,0.0,0.375
limited_water,stress_days,crossq,dreamerv3,5,1.0,0.125,47.0,0.2,0.0,0.625
limited_water,stress_days,dsac_t,dreamerv3,5,7.0,1.0,-17.0,0.6,0.0,1.0
limited_water,max_daily_stress,ppo,crossq,5,1.0,0.125,-0.3403272976507985,0.8,0.0,0.75
limited_water,max_daily_stress,ppo,dsac_t,5,2.0,0.1875,-0.22923528463976595,0.8,0.0,0.9375
limited_water,max_daily_stress,ppo,dreamerv3,5,2.0,0.1875,-0.2688038177098706,0.8,0.0,0.9375
limited_water,max_daily_stress,crossq,dsac_t,5,4.0,0.4375,0.0714168019169601,0.4,0.0,1.0
limited_water,max_daily_stress,crossq,dreamerv3,5,5.0,0.625,0.07152347994092789,0.4,0.0,1.0
limited_water,max_daily_stress,dsac_t,dreamerv3,5,6.0,0.8125,-0.012615792598753228,0.6,0.0,1.0
normal,dry_yield_tonne_per_ha,ppo,crossq,5,3.0,0.3125,1.0010038898361238,0.6,0.0,1.0
normal,dry_yield_tonne_per_ha,ppo,dsac_t,5,1.0,0.125,2.0783234586864783,0.8,0.0,0.75
normal,dry_yield_tonne_per_ha,ppo,dreamerv3,5,6.0,0.8125,-0.012286238508474767,0.4,0.0,1.0
normal,dry_yield_tonne_per_ha,crossq,dsac_t,5,2.0,0.1875,1.031241780684903,0.8,0.0,0.9375
normal,dry_yield_tonne_per_ha,crossq,dreamerv3,5,5.0,0.625,0.0016655271477414857,0.6,0.0,1.0
normal,dry_yield_tonne_per_ha,dsac_t,dreamerv3,5,5.0,0.625,-0.008098249631382615,0.4,0.0,1.0
normal,total_irrigation_mm,ppo,crossq,5,3.0,0.3125,145.79735135373664,0.4,0.0,1.0
normal,total_irrigation_mm,ppo,dsac_t,5,2.0,0.1875,69.90212442820228,0.2,0.0,1.0
normal,total_irrigation_mm,ppo,dreamerv3,5,6.0,0.8125,-12.525696028126958,0.6,0.0,1.0
normal,total_irrigation_mm,crossq,dsac_t,5,4.0,0.4375,-47.79448732690628,0.8,0.0,1.0
normal,total_irrigation_mm,crossq,dreamerv3,5,7.0,1.0,-2.015310365535015,0.6,0.0,1.0
normal,total_irrigation_mm,dsac_t,dreamerv3,5,6.0,0.8125,7.0677682867611225,0.4,0.0,1.0
normal,water_productivity_kg_per_ha_per_mm,ppo,crossq,5,3.0,0.3125,-34.593838159963155,0.4,0.0,1.0
normal,water_productivity_kg_per_ha_per_mm,ppo,dsac_t,5,5.0,0.625,-1.2604982935282862,0.2,0.0,1.0
normal,water_productivity_kg_per_ha_per_mm,ppo,dreamerv3,5,6.0,0.8125,1.7384117628602809,0.6,0.0,1.0
normal,water_productivity_kg_per_ha_per_mm,crossq,dsac_t,5,2.0,0.1875,31.195120210803708,0.8,0.0,1.0
normal,water_productivity_kg_per_ha_per_mm,crossq,dreamerv3,5,6.0,0.8125,0.41692363382836817,0.6,0.0,1.0
normal,water_productivity_kg_per_ha_per_mm,dsac_t,dreamerv3,5,5.0,0.625,-0.17841840782978124,0.4,0.0,1.0
normal,profit,ppo,crossq,5,2.0,0.1875,47.642599113627966,0.8,0.0,0.75
normal,profit,ppo,dsac_t,5,1.0,0.125,390.54922256590044,0.8,0.0,0.625
normal,profit,ppo,dreamerv3,5,3.0,0.3125,11.61164992773729,0.8,0.0,0.9375
normal,profit,crossq,dsac_t,5,0.0,0.0625,342.90662345227247,1.0,0.0,0.375
normal,profit,crossq,dreamerv3,5,5.0,0.625,2.5832573745915397,0.6,0.0,0.9375
normal,profit,dsac_t,dreamerv3,5,3.0,0.3125,-39.33587706581511,0.2,0.0,0.9375
normal,episode_reward,ppo,crossq,5,2.0,0.1875,47.64259911362842,0.8,0.0,0.75
normal,episode_reward,ppo,dsac_t,5,1.0,0.125,390.54922256590044,0.8,0.0,0.625
normal,episode_reward,ppo,dreamerv3,5,3.0,0.3125,11.61164992773729,0.8,0.0,0.9375
normal,episode_reward,crossq,dsac_t,5,0.0,0.0625,342.906623452272,1.0,0.0,0.375
normal,episode_reward,crossq,dreamerv3,5,5.0,0.625,2.5832573745919944,0.6,0.0,0.9375
normal,episode_reward,dsac_t,dreamerv3,5,3.0,0.3125,-39.335877065814884,0.2,0.0,0.9375
normal,stress_exposure,ppo,crossq,5,2.0,0.1875,-27.075041018696226,0.8,0.0,1.0
normal,stress_exposure,ppo,dsac_t,5,2.0,0.1875,-19.26635032422456,0.8,0.0,1.0
normal,stress_exposure,ppo,dreamerv3,5,6.0,0.8125,0.3152713294452809,0.4,0.0,1.0
normal,stress_exposure,crossq,dsac_t,5,6.0,0.8125,4.652898743564499,0.4,0.0,1.0
normal,stress_exposure,crossq,dreamerv3,5,6.0,0.8125,-0.5400973589582492,0.6,0.0,1.0
normal,stress_exposure,dsac_t,dreamerv3,5,6.0,0.8125,-1.4815204720725177,0.6,0.0,1.0
normal,stress_days,ppo,crossq,5,2.0,0.1875,-68.5,0.8,0.0,1.0
normal,stress_days,ppo,dsac_t,5,3.0,0.3125,-40.0,0.8,0.0,1.0
normal,stress_days,ppo,dreamerv3,5,3.0,0.5,0.0,0.4,0.4,1.0
normal,stress_days,crossq,dsac_t,5,5.0,0.625,12.0,0.4,0.0,1.0
normal,stress_days,crossq,dreamerv3,5,6.0,0.875,0.0,0.4,0.2,1.0
normal,stress_days,dsac_t,dreamerv3,5,6.0,0.8125,3.0,0.4,0.0,1.0
normal,max_daily_stress,ppo,crossq,5,2.0,0.1875,-0.32861817539790406,0.8,0.0,0.9375
normal,max_daily_stress,ppo,dsac_t,5,1.0,0.125,-0.3518589857293231,0.8,0.0,0.75
normal,max_daily_stress,ppo,dreamerv3,5,5.0,0.625,-0.0012222222222222356,0.6,0.0,1.0
normal,max_daily_stress,crossq,dsac_t,5,3.0,0.3125,-0.023361960823199523,0.8,0.0,1.0
normal,max_daily_stress,crossq,dreamerv3,5,6.0,0.8125,-0.020394614833676994,0.6,0.0,1.0
normal,max_daily_stress,dsac_t,dreamerv3,5,4.0,0.4375,0.0029673459895225296,0.4,0.0,1.0
wet,dry_yield_tonne_per_ha,ppo,crossq,5,1.0,0.125,0.5086934682514741,0.8,0.0,0.75
wet,dry_yield_tonne_per_ha,ppo,dsac_t,5,1.0,0.125,-0.0194204453809661,0.2,0.0,0.75
wet,dry_yield_tonne_per_ha,ppo,dreamerv3,5,3.0,0.3125,0.004316497729082158,0.8,0.0,0.75
wet,dry_yield_tonne_per_ha,crossq,dsac_t,5,1.0,0.125,-0.49842452644508306,0.2,0.0,0.75
wet,dry_yield_tonne_per_ha,crossq,dreamerv3,5,3.0,0.3125,-0.2288198175508782,0.4,0.0,0.75
wet,dry_yield_tonne_per_ha,dsac_t,dreamerv3,5,1.0,0.125,0.042057421885578705,0.8,0.0,0.75
wet,total_irrigation_mm,ppo,crossq,5,1.0,0.125,82.48213187487241,0.2,0.0,0.5
wet,total_irrigation_mm,ppo,dsac_t,5,4.0,0.4375,-6.818004921456236,0.8,0.0,0.9375
wet,total_irrigation_mm,ppo,dreamerv3,5,3.0,0.3125,30.212464886200664,0.4,0.0,0.9375
wet,total_irrigation_mm,crossq,dsac_t,5,0.0,0.0625,-90.28126380888207,1.0,0.0,0.375
wet,total_irrigation_mm,crossq,dreamerv3,5,0.0,0.0625,-52.26966698867175,1.0,0.0,0.375
wet,total_irrigation_mm,dsac_t,dreamerv3,5,3.0,0.3125,21.263169041498628,0.4,0.0,0.9375
wet,water_productivity_kg_per_ha_per_mm,ppo,crossq,5,0.0,0.0625,-108.54846191947766,0.0,0.0,0.375
wet,water_productivity_kg_per_ha_per_mm,ppo,dsac_t,5,5.0,0.625,7.878291043847199,0.6,0.0,1.0
wet,water_productivity_kg_per_ha_per_mm,ppo,dreamerv3,5,4.0,0.4375,-14.90908111963374,0.4,0.0,1.0
wet,water_productivity_kg_per_ha_per_mm,crossq,dsac_t,5,1.0,0.125,116.42675296332486,0.8,0.0,0.5
wet,water_productivity_kg_per_ha_per_mm,crossq,dreamerv3,5,0.0,0.0625,63.4989719977288,1.0,0.0,0.375
wet,water_productivity_kg_per_ha_per_mm,dsac_t,dreamerv3,5,6.0,0.8125,1.8144513305868202,0.6,0.0,1.0
wet,profit,ppo,crossq,5,3.0,0.3125,13.943918376648526,0.6,0.0,1.0
wet,profit,ppo,dsac_t,5,6.0,0.8125,3.2273074297900166,0.6,0.0,1.0
wet,profit,ppo,dreamerv3,5,7.0,1.0,8.26402754286255,0.6,0.0,1.0
wet,profit,crossq,dsac_t,5,3.0,0.3125,-4.392182823553867,0.2,0.0,1.0
wet,profit,crossq,dreamerv3,5,6.0,0.8125,-26.442393149096006,0.4,0.0,1.0
wet,profit,dsac_t,dreamerv3,5,7.0,1.0,6.125002080242666,0.6,0.0,1.0
wet,episode_reward,ppo,crossq,5,3.0,0.3125,13.943918376648071,0.6,0.0,1.0
wet,episode_reward,ppo,dsac_t,5,6.0,0.8125,3.2273074297900166,0.6,0.0,1.0
wet,episode_reward,ppo,dreamerv3,5,7.0,1.0,8.26402754286255,0.6,0.0,1.0
wet,episode_reward,crossq,dsac_t,5,3.0,0.3125,-4.392182823553867,0.2,0.0,1.0
wet,episode_reward,crossq,dreamerv3,5,6.0,0.8125,-26.44239314909646,0.4,0.0,1.0
wet,episode_reward,dsac_t,dreamerv3,5,7.0,1.0,6.125002080242211,0.6,0.0,1.0
wet,stress_exposure,ppo,crossq,5,0.0,0.0625,-14.426032124170362,1.0,0.0,0.375
wet,stress_exposure,ppo,dsac_t,5,1.0,0.125,0.6896641600299489,0.2,0.0,0.375
wet,stress_exposure,ppo,dreamerv3,5,3.0,0.3125,-3.121853943855065,0.6,0.0,0.625
wet,stress_exposure,crossq,dsac_t,5,0.0,0.0625,15.379258264320118,0.0,0.0,0.375
wet,stress_exposure,crossq,dreamerv3,5,0.0,0.0625,5.700941233404201,0.0,0.0,0.375
wet,stress_exposure,dsac_t,dreamerv3,5,3.0,0.3125,-3.7473664914548834,0.6,0.0,0.625
wet,stress_days,ppo,crossq,5,0.0,0.0625,-28.0,1.0,0.0,0.375
wet,stress_days,ppo,dsac_t,5,0.0,1.0,0.0,0.2,0.8,1.0
wet,stress_days,ppo,dreamerv3,5,0.0,0.5,0.0,0.4,0.6,1.0
wet,stress_days,crossq,dsac_t,5,0.0,0.125,28.0,0.0,0.2,0.5
wet,stress_days,crossq,dreamerv3,5,0.0,0.0625,3.0,0.0,0.0,0.375
wet,stress_days,dsac_t,dreamerv3,5,3.0,0.5,0.0,0.4,0.4,1.0
wet,max_daily_stress,ppo,crossq,5,0.0,0.0625,-0.21920695461805106,1.0,0.0,0.375
wet,max_daily_stress,ppo,dsac_t,5,4.0,1.0,0.0,0.2,0.6,1.0
wet,max_daily_stress,ppo,dreamerv3,5,2.0,0.25,-0.009791554103769529,0.6,0.2,0.75
wet,max_daily_stress,crossq,dsac_t,5,0.0,0.0625,0.21920695461805106,0.0,0.0,0.375
wet,max_daily_stress,crossq,dreamerv3,5,0.0,0.0625,0.07253584800568103,0.0,0.0,0.375
wet,max_daily_stress,dsac_t,dreamerv3,5,3.0,0.375,-0.009791554103769529,0.6,0.2,0.75
