year,seasonal_precip_mm,seasonal_et0_mm,mean_tmin_c,mean_tmax_c,climate_days,precip_percentile_rank,split
1988,357.38,1156.1,5.159632653061225,23.603714285714286,245,0.5135135135135135,test
1990,316.48,1143.11,4.649836734693878,22.882244897959183,245,0.3783783783783784,train
1994,370.53,1103.56,5.866775510204081,23.016979591836733,245,0.5405405405405406,train
1995,373.45,1035.03,4.5970204081632655,21.706285714285713,245,0.5675675675675675,train
1998,353.28,1067.29,6.310979591836735,22.71473469387755,245,0.4864864864864865,test
1999,381.22,1044.84,5.8404897959183675,22.52873469387755,245,0.6216216216216216,validation
2005,374.5,1091.69,5.143224489795918,22.87889795918367,245,0.5945945945945946,train
2006,336.54,1049.24,5.268081632653061,22.322367346938773,245,0.43243243243243246,train
2007,325.68,1062.45,4.850530612244898,22.43938775510204,245,0.40540540540540543,validation
2010,340.45,1090.69,4.848163265306122,22.572979591836734,245,0.4594594594594595,train
2018,390.21,1045.12,5.545632653061225,21.84542857142857,245,0.6486486486486487,train
