year,cap_mm,reference_irrigation_mm,reference_dry_yield_tonne_per_ha
1988,363.303,519.0037155800242,13.938132089495639
1990,349.097,498.7103429862749,13.777573566827911
1994,340.769,486.812287681199,14.08306683013335
1995,261.573,373.6756699188,12.851534971214015
1998,289.196,413.1370007001375,13.5238671427182
1999,247.238,353.1971856911744,13.746171463561367
2005,307.19,438.84305191131944,13.794645927839065
2006,314.414,449.1626636892376,14.18363431703431
2007,305.576,436.5373503657054,14.0276453180536
2010,269.256,384.65133011190494,14.117651941999819
2018,286.439,409.19877493250266,14.341886541459466
