algorithm,scenario,metric,n_independent_seeds,mean,std,median,ci_lower,ci_upper,direction
crossq,dry,dry_yield_tonne_per_ha,5,12.697222035562294,0.31070263610317844,12.793314967574798,12.4637110826538,12.92468492749229,max
crossq,dry,total_irrigation_mm,5,133.47038074229704,22.23182639266992,136.43373111464243,117.3962778246347,150.47488241912615,min
crossq,dry,water_productivity_kg_per_ha_per_mm,5,96.86293529766373,13.070347269158162,93.76944296000262,87.27656942534165,106.8935723293303,max
crossq,dry,profit,5,2646.571429007178,44.49315515420427,2664.4360302533933,2611.416087004634,2679.439224243614,max
crossq,dry,episode_reward,5,2646.571429007178,44.49315515420427,2664.4360302533933,2611.416087004634,2679.439224243614,max
crossq,dry,stress_exposure,5,65.15594457475648,1.5169943635136447,65.1814915794545,63.86075684127191,66.13621038207988,min
crossq,dry,stress_days,5,71.4,1.9493588689617927,72.0,69.6,72.6,min
crossq,dry,max_daily_stress,5,0.793382257286616,0.021447809605466314,0.7891589002444391,0.7776981234322948,0.810709477484654,min
crossq,extreme_dry,dry_yield_tonne_per_ha,5,12.811970579724672,0.7138315752563937,12.548585895274837,12.284579304265355,13.412548062169268,max
crossq,extreme_dry,total_irrigation_mm,5,287.9710946112469,41.26023969871296,286.0234049441032,256.9402031390091,323.550259507922,min
crossq,extreme_dry,water_productivity_kg_per_ha_per_mm,5,44.92754133100488,3.9010747602519755,45.52100521232251,41.62234490262223,47.84842278978299,max
crossq,extreme_dry,profit,5,2501.8653234670564,115.56697845336241,2446.06315152195,2415.855549926014,2594.855288218525,max
crossq,extreme_dry,episode_reward,5,2501.8653234670564,115.56697845336255,2446.0631515219507,2415.855549926014,2594.855288218525,max
crossq,extreme_dry,stress_exposure,5,67.96614303599452,6.923755939556019,71.1862931062676,61.702210056043654,71.58744678071874,min
crossq,extreme_dry,stress_days,5,66.0,13.546217184144066,71.0,53.6,73.2,min
crossq,extreme_dry,max_daily_stress,5,0.7732306445345319,0.06997530681974601,0.8039549426407158,0.7109740552002025,0.8103132108342421,min
crossq,limited_water,dry_yield_tonne_per_ha,5,12.347764174503183,0.2753258115814229,12.446307496461955,12.116761679959685,12.550698833529669,max
crossq,limited_water,total_irrigation_mm,5,162.17582801477138,13.960081050898033,158.7817730720784,151.6789646366552,173.63462226186064,min
crossq,limited_water,water_productivity_kg_per_ha_per_mm,5,80.01990594701451,9.682005482146755,83.08332768042676,72.62498513676933,87.4148267572597,max
crossq,limited_water,profit,5,2538.1147075744516,62.18501673186683,2563.9405037246634,2485.8179034915474,2580.9554234056322,max
crossq,limited_water,episode_reward,5,2538.1147075744516,62.18501673186683,2563.9405037246634,2485.8179034915474,2580.9554234056322,max
crossq,limited_water,stress_exposure,5,68.17421778343041,1.1541358970843247,67.72173194563103,67.4135420864522,69.09362786465957,min
crossq,limited_water,stress_days,5,77.6,3.0290262461721915,78.0,75.1,79.9,min
crossq,limited_water,max_daily_stress,5,0.8222485943402571,0.010281967210735711,0.8209676847202737,0.8149702650410834,0.8306033569710504,min
crossq,normal,dry_yield_tonne_per_ha,5,12.923992018012637,0.730376064513798,12.662072501097054,12.377360140244665,13.470623895780609,max
crossq,normal,total_irrigation_mm,5,218.35854097088728,100.21733210203331,171.63343566913716,141.82129524917366,294.8957866926009,min
crossq,normal,water_productivity_kg_per_ha_per_mm,5,74.58479381303917,32.89962228948513,78.66110972134294,50.085806224912666,99.08378140116565,max
crossq,normal,profit,5,2603.083848894804,55.022857636224614,2603.4644994435976,2557.4803132723705,2641.599478625367,max
crossq,normal,episode_reward,5,2603.083848894804,55.02285763622471,2603.464499443597,2557.4803132723705,2641.599478625367,max
crossq,normal,stress_exposure,5,56.55900045590347,15.527629783833897,66.11604119837864,44.182972680412604,68.0987632202978,min
crossq,normal,stress_days,5,46.0,39.97968233990861,68.5,15.7,76.3,min
crossq,normal,max_daily_stress,5,0.700053528115396,0.17099295473694803,0.8012788409406262,0.5582503980485118,0.8261122721157008,min
crossq,wet,dry_yield_tonne_per_ha,5,12.777471378281898,0.31823227380127134,12.748909589060132,12.563143211065286,13.039521009303977,max
crossq,wet,total_irrigation_mm,5,64.85299971361803,44.64720793268929,59.7253528653467,35.2583673963386,102.34509909984006,min
crossq,wet,water_productivity_kg_per_ha_per_mm,5,301.89226208115826,178.51777193292781,233.28854573744087,177.07768313118848,461.41316054540505,max
crossq,wet,profit,5,2739.7054035370375,31.934651124166088,2743.794017272788,2715.0545902179706,2764.29555779523,max
crossq,wet,episode_reward,5,2739.705403537038,31.934651124165796,2743.7940172727886,2715.0545902179715,2764.29555779523,max
crossq,wet,stress_exposure,5,43.36332760648848,6.567593826281131,43.46751880293176,37.96223750027072,47.64658181328616,min
crossq,wet,stress_days,5,23.2,12.168607151190312,28.0,12.2,29.2,min
crossq,wet,max_daily_stress,5,0.6474128040789017,0.06937491657520078,0.6743458435069398,0.586615029668436,0.6888834371533024,min
dreamerv3,dry,dry_yield_tonne_per_ha,5,12.736040308808992,1.2913051857675328,13.311711925811132,11.58034241255645,13.316488792543112,max
dreamerv3,dry,total_irrigation_mm,5,260.14831426275276,92.3653103683492,282.0515562443115,176.3530187545796,316.8830614964525,min
dreamerv3,dry,water_productivity_kg_per_ha_per_mm,5,56.309907368783705,26.156794778970408,47.186589872521,42.3743144546134,80.09119908036581,max
dreamerv3,dry,profit,5,2515.7657222489497,188.6424553483287,2593.7593385506225,2346.263990766417,2617.4190155418387,max
dreamerv3,dry,episode_reward,5,2515.7657222489497,188.6424553483287,2593.7593385506225,2346.263990766417,2617.4190155418387,max
dreamerv3,dry,stress_exposure,5,44.71051221521706,15.315592427922606,38.57406172565544,37.07609177186255,58.60495083791742,min
dreamerv3,dry,stress_days,5,16.2,35.11694747554235,0.0,0.0,47.8,min
dreamerv3,dry,max_daily_stress,5,0.5691735720010339,0.1607369619008213,0.4883663299470525,0.48552249121160684,0.7161068657789398,min
dreamerv3,extreme_dry,dry_yield_tonne_per_ha,5,4.555002733931642,3.7200873250243025,5.656003047027135,1.7222391451458523,7.387766322717432,max
dreamerv3,extreme_dry,total_irrigation_mm,5,142.59790000670506,136.95735758044842,179.10495758763528,39.61790940944907,245.57789060396098,min
dreamerv3,extreme_dry,water_productivity_kg_per_ha_per_mm,5,140.29696511699737,212.71041176045395,31.87142453686568,30.421638479759515,334.74875969840343,max
dreamerv3,extreme_dry,profit,5,845.2429114575856,668.0497774485209,1047.305216999571,335.31291158169347,1355.1729113334777,max
dreamerv3,extreme_dry,episode_reward,5,845.2429114575856,668.049777448521,1047.305216999571,335.31291158169347,1355.1729113334777,max
dreamerv3,extreme_dry,stress_exposure,5,57.918586508194686,8.494266441629922,62.4065428649401,51.48376574798416,64.35340726840522,min
dreamerv3,extreme_dry,stress_days,5,48.2,4.54972526643093,47.0,45.2,52.4,min
dreamerv3,extreme_dry,max_daily_stress,5,0.8861631940869635,0.003756145941071857,0.8871427679655304,0.8828560709996319,0.8882489417903999,min
dreamerv3,limited_water,dry_yield_tonne_per_ha,5,11.787808514094817,2.275106087621616,13.203832204914738,9.84185606428442,13.42824474238565,max
dreamerv3,limited_water,total_irrigation_mm,5,223.88116180113965,133.84054795993953,281.8072442787741,104.95728828421088,310.6094966586173,min
dreamerv3,limited_water,water_productivity_kg_per_ha_per_mm,4,47.11561961123326,4.902732860068272,45.990541931961005,43.28895565410514,51.046974987137446,max
dreamerv3,limited_water,profit,5,2347.048595119606,363.62821694574467,2580.0856420243435,2054.908303936981,2615.497291870414,max
dreamerv3,limited_water,episode_reward,5,2347.048595119606,363.62821694574455,2580.0856420243435,2054.908303936981,2615.497291870414,max
dreamerv3,limited_water,stress_exposure,5,52.761795554040745,14.122594403239884,52.61654430169875,41.994380521706326,64.75088473736685,min
dreamerv3,limited_water,stress_days,5,37.3,31.635818307734667,34.5,13.5,64.2,min
dreamerv3,limited_water,max_daily_stress,5,0.7512770445700483,0.17388649202073353,0.7420538997835631,0.612561680229588,0.8679488052208135,min
dreamerv3,normal,dry_yield_tonne_per_ha,5,11.755311519759585,2.63259536989165,13.660126262557474,9.71777417192873,13.673598274009,max
dreamerv3,normal,total_irrigation_mm,5,236.48477605055123,134.09314632877212,331.06478162722436,123.55116831582222,331.90112149083416,min
dreamerv3,normal,water_productivity_kg_per_ha_per_mm,5,85.47050383501994,78.26400135038547,42.21175704333342,41.94769589105046,157.64844875024966,max
dreamerv3,normal,profit,5,2326.0352806915025,433.90842377047767,2641.0228472226872,2001.5575140519347,2643.1071207920645,max
dreamerv3,normal,episode_reward,5,2326.0352806915025,433.90842377047767,2641.0228472226872,2001.5575140519347,2643.1071207920645,max
dreamerv3,normal,stress_exposure,5,49.90199880444799,18.565879685623507,39.223620738344636,35.96518227131263,64.36298043807,min
dreamerv3,normal,stress_days,5,31.0,42.77849927241488,0.0,0.0,65.0,min
dreamerv3,normal,max_daily_stress,5,0.6461892672985927,0.22737737980387876,0.4926941692652881,0.47775625517612424,0.8146222794210611,min
dreamerv3,wet,dry_yield_tonne_per_ha,5,13.086024432692057,0.2604907171141888,13.24124979989079,12.850664411062478,13.251727698403096,max
dreamerv3,wet,total_irrigation_mm,5,118.09195975583407,34.94472010784454,111.99501985401845,91.29731225683027,144.98187878885363,min
dreamerv3,wet,water_productivity_kg_per_ha_per_mm,5,145.78054214374387,35.810843705685,131.99035503118256,119.35036315602869,176.1133031804612,max
dreamerv3,wet,profit,5,2749.024219460835,52.1307564057306,2754.051968662438,2705.5384235776382,2783.549096409072,max
dreamerv3,wet,episode_reward,5,2749.024219460835,52.13075640573059,2754.051968662438,2705.5384235776382,2783.549096409072,max
dreamerv3,wet,stress_exposure,5,34.89159883208082,7.359444034545829,32.08383026260679,29.14447830024463,40.638719363917,min
dreamerv3,wet,stress_days,5,10.4,14.280231090567128,0.0,0.0,21.4,min
dreamerv3,wet,max_daily_stress,5,0.5405427114411928,0.1127831507253259,0.4649304429926583,0.4570971997096427,0.6261668532443198,min
dsac_t,dry,dry_yield_tonne_per_ha,5,12.55095478805649,0.9458635996501424,12.780466238801711,11.745402416303873,13.213880128271125,max
dsac_t,dry,total_irrigation_mm,5,217.922443633925,85.07490687783942,238.8563238055412,142.41274923213632,269.257186624943,min
dsac_t,dry,water_productivity_kg_per_ha_per_mm,5,72.35780459955075,48.08363087971303,52.38656472004258,49.16654042844389,115.5473312767422,max
dsac_t,dry,profit,5,2521.495365375111,121.48987841965953,2548.9606163502813,2424.1506927335467,2614.054537630166,max
dsac_t,dry,episode_reward,5,2521.495365375111,121.48987841965953,2548.9606163502813,2424.1506927335467,2614.054537630166,max
dsac_t,dry,stress_exposure,5,53.42039577414634,12.334913365329184,56.836991261279294,44.25614897232415,62.353780394354445,min
dsac_t,dry,stress_days,5,38.2,33.61101010085832,53.0,12.6,63.8,min
dsac_t,dry,max_daily_stress,5,0.7067994637506168,0.1773786967556968,0.8197269986895735,0.573083647690891,0.8391788836806144,min
dsac_t,extreme_dry,dry_yield_tonne_per_ha,5,6.353821540307848,0.815341012169324,6.627282691234316,5.605909780415111,6.812805863262933,max
dsac_t,extreme_dry,total_irrigation_mm,5,197.13700475919887,22.907383518472436,207.8782273345512,177.27630641106833,212.5999201059316,min
dsac_t,extreme_dry,water_productivity_kg_per_ha_per_mm,5,32.21668266604412,1.776180706644522,31.315037054772343,30.91025044685839,33.67056337575184,max
dsac_t,extreme_dry,profit,5,1180.990033632608,156.84985829048415,1231.1563753231712,1037.1062061276707,1271.7467819364933,max
dsac_t,extreme_dry,episode_reward,5,1180.990033632608,156.84985829048415,1231.1563753231712,1037.1062061276707,1271.7467819364933,max
dsac_t,extreme_dry,stress_exposure,5,61.26194831304925,1.4741526458545657,60.81216885589862,60.10442357888157,62.41947304721695,min
dsac_t,extreme_dry,stress_days,5,43.2,2.16794833886788,42.0,42.0,45.2,min
dsac_t,extreme_dry,max_daily_stress,5,0.8880591892303601,0.001458344222053329,0.8872802086774193,0.8869516114014122,0.889166767059308,min
dsac_t,limited_water,dry_yield_tonne_per_ha,5,11.992754701795164,1.640135262991407,11.500512149630747,10.770466560493702,13.215042843096626,max
dsac_t,limited_water,total_irrigation_mm,5,222.88414404064255,67.10195831107768,221.28524109820438,170.4051342561984,272.537035207611,min
dsac_t,limited_water,water_productivity_kg_per_ha_per_mm,5,59.17464901101117,20.254480841994972,47.19139351333993,45.793493405938705,77.32741378584353,max
dsac_t,limited_water,profit,5,2393.233475950229,329.6454752004468,2356.461537115618,2146.2034147598147,2640.263537140643,max
dsac_t,limited_water,episode_reward,5,2393.2334759502287,329.6454752004468,2356.461537115618,2146.203414759814,2640.263537140643,max
dsac_t,limited_water,stress_exposure,5,54.57023288325945,9.8905341522515,60.52453239586799,45.71362169968853,61.404931337488065,min
dsac_t,limited_water,stress_days,5,37.1,23.001086930838724,47.0,17.1,52.8,min
dsac_t,limited_water,max_daily_stress,5,0.7332497590552882,0.15560744457438302,0.7669308755446855,0.5968819885476673,0.8389485373754486,min
dsac_t,normal,dry_yield_tonne_per_ha,5,11.387963421325342,1.7173900979272279,11.575159980364203,10.048816625176224,12.704139874775185,max
dsac_t,normal,total_irrigation_mm,5,253.18031253870572,53.01343032376597,248.1493641084748,215.99050152647277,296.4133532329369,min
dsac_t,normal,water_productivity_kg_per_ha_per_mm,5,45.855463911617576,3.1836118044148316,45.05949625378473,43.47869077370397,48.12458706506133,max
dsac_t,normal,profit,5,2226.853608898998,323.65422497478187,2260.557875991325,1965.3939456265878,2468.85608389431,max
dsac_t,normal,episode_reward,5,2226.853608898998,323.65422497478176,2260.557875991325,1965.3939456265878,2468.85608389431,max
dsac_t,normal,stress_exposure,5,53.07817790715209,10.20024299939889,54.753117034335304,44.7103572243054,60.56395515376967,min
dsac_t,normal,stress_days,5,35.5,21.6794833886788,40.0,17.8,51.4,min
dsac_t,normal,max_daily_stress,5,0.7866066549443018,0.1658496433804432,0.831075374094611,0.639118898827226,0.8803338518745738,min
dsac_t,wet,dry_yield_tonne_per_ha,5,13.265242507498792,0.01272146849507518,13.265007678964064,13.254513173552795,13.275987404651449,max
dsac_t,wet,total_irrigation_mm,5,145.78716774367103,9.646652345332924,149.02548966167535,138.0074549804046,152.48774607009142,min
dsac_t,wet,water_productivity_kg_per_ha_per_mm,5,120.6031096429153,10.505890840209814,116.86179277411601,112.64698334086486,128.76924812886563,max
dsac_t,wet,profit,5,2757.9874671316966,9.733510887199547,2754.373650744251,2750.61340706717,2765.8820920850767,max
dsac_t,wet,episode_reward,5,2757.9874671316966,9.733510887199547,2754.373650744251,2750.61340706717,2765.8820920850767,max
dsac_t,wet,stress_exposure,5,29.288561250466802,1.6269159737328667,28.336463771151905,28.20900121339351,30.733638545988857,min
dsac_t,wet,stress_days,5,0.3,0.6708203932499369,0.0,0.0,0.9,min
dsac_t,wet,max_daily_stress,5,0.46819528496149243,0.02919498915950299,0.45513888888888876,0.4551388888888887,0.4943080771066997,min
fixed_interval,dry,dry_yield_tonne_per_ha,1,13.397859335972631,,13.397859335972631,13.397859335972631,13.397859335972631,max
fixed_interval,dry,total_irrigation_mm,1,268.64017896509773,,268.64017896509773,268.64017896509773,268.64017896509773,min
fixed_interval,dry,water_productivity_kg_per_ha_per_mm,1,49.87287972925788,,49.87287972925788,49.87287972925788,49.87287972925788,max
fixed_interval,dry,profit,1,2652.024857052372,,2652.024857052372,2652.024857052372,2652.024857052372,max
fixed_interval,dry,episode_reward,1,2652.024857052372,,2652.024857052372,2652.024857052372,2652.024857052372,max
fixed_interval,dry,stress_exposure,1,47.08370721958093,,47.08370721958093,47.08370721958093,47.08370721958093,min
fixed_interval,dry,stress_days,1,11.0,,11.0,11.0,11.0,min
fixed_interval,dry,max_daily_stress,1,0.6844567728788912,,0.6844567728788912,0.6844567728788912,0.6844567728788912,min
fixed_interval,extreme_dry,dry_yield_tonne_per_ha,1,13.750028412015102,,13.750028412015102,13.750028412015102,13.750028412015102,max
fixed_interval,extreme_dry,total_irrigation_mm,1,350.0,,350.0,350.0,350.0,min
fixed_interval,extreme_dry,water_productivity_kg_per_ha_per_mm,1,39.28579546290029,,39.28579546290029,39.28579546290029,39.28579546290029,max
fixed_interval,extreme_dry,profit,1,2640.0062506433223,,2640.0062506433223,2640.0062506433223,2640.0062506433223,max
fixed_interval,extreme_dry,episode_reward,1,2640.0062506433223,,2640.0062506433223,2640.0062506433223,2640.0062506433223,max
fixed_interval,extreme_dry,stress_exposure,1,65.94495062874581,,65.94495062874581,65.94495062874581,65.94495062874581,min
fixed_interval,extreme_dry,stress_days,1,73.0,,73.0,73.0,73.0,min
fixed_interval,extreme_dry,max_daily_stress,1,0.7301444329682104,,0.7301444329682104,0.7301444329682104,0.7301444329682104,min
fixed_interval,limited_water,dry_yield_tonne_per_ha,1,13.665066637140256,,13.665066637140256,13.665066637140256,13.665066637140256,max
fixed_interval,limited_water,total_irrigation_mm,1,284.2474448456589,,284.2474448456589,284.2474448456589,284.2474448456589,min
fixed_interval,limited_water,water_productivity_kg_per_ha_per_mm,1,50.075709614977654,,50.075709614977654,50.075709614977654,50.075709614977654,max
fixed_interval,limited_water,profit,1,2693.642470840632,,2693.642470840632,2693.642470840632,2693.642470840632,max
fixed_interval,limited_water,episode_reward,1,2693.642470840632,,2693.642470840632,2693.642470840632,2693.642470840632,max
fixed_interval,limited_water,stress_exposure,1,52.9204128662678,,52.9204128662678,52.9204128662678,52.9204128662678,min
fixed_interval,limited_water,stress_days,1,35.0,,35.0,35.0,35.0,min
fixed_interval,limited_water,max_daily_stress,1,0.6800201118739957,,0.6800201118739957,0.6800201118739957,0.6800201118739957,min
fixed_interval,normal,dry_yield_tonne_per_ha,1,13.665066637140256,,13.665066637140256,13.665066637140256,13.665066637140256,max
fixed_interval,normal,total_irrigation_mm,1,284.2474448456589,,284.2474448456589,284.2474448456589,284.2474448456589,min
fixed_interval,normal,water_productivity_kg_per_ha_per_mm,1,50.075709614977654,,50.075709614977654,50.075709614977654,50.075709614977654,max
fixed_interval,normal,profit,1,2693.642470840632,,2693.642470840632,2693.642470840632,2693.642470840632,max
fixed_interval,normal,episode_reward,1,2693.642470840632,,2693.642470840632,2693.642470840632,2693.642470840632,max
fixed_interval,normal,stress_exposure,1,52.9204128662678,,52.9204128662678,52.9204128662678,52.9204128662678,min
fixed_interval,normal,stress_days,1,35.0,,35.0,35.0,35.0,min
fixed_interval,normal,max_daily_stress,1,0.6800201118739957,,0.6800201118739957,0.6800201118739957,0.6800201118739957,min
fixed_interval,wet,dry_yield_tonne_per_ha,1,13.278058908340087,,13.278058908340087,13.278058908340087,13.278058908340087,max
fixed_interval,wet,total_irrigation_mm,1,121.99890898828008,,121.99890898828008,121.99890898828008,121.99890898828008,min
fixed_interval,wet,water_productivity_kg_per_ha_per_mm,1,131.3015322613703,,131.3015322613703,131.3015322613703,131.3015322613703,max
fixed_interval,wet,profit,1,2786.974159947711,,2786.974159947711,2786.974159947711,2786.974159947711,max
fixed_interval,wet,episode_reward,1,2786.974159947711,,2786.974159947711,2786.974159947711,2786.974159947711,max
fixed_interval,wet,stress_exposure,1,36.87243179410155,,36.87243179410155,36.87243179410155,36.87243179410155,min
fixed_interval,wet,stress_days,1,12.0,,12.0,12.0,12.0,min
fixed_interval,wet,max_daily_stress,1,0.5560673918248192,,0.5560673918248192,0.5560673918248192,0.5560673918248192,min
ppo,dry,dry_yield_tonne_per_ha,5,13.336693220473084,0.039901730534237935,13.32039941414299,13.316912865405223,13.372836512516932,max
ppo,dry,total_irrigation_mm,5,307.5529475901516,23.6033390082891,320.5539456649059,285.9495326065681,321.56010255197396,min
ppo,dry,water_productivity_kg_per_ha_per_mm,5,43.597375703595915,3.8072033449807563,41.55302205538502,41.42442087877548,47.088235300042605,max
ppo,dry,profit,5,2595.7642661549116,34.370685209451636,2577.7873980826,2576.7676946627194,2627.249174664185,max
ppo,dry,episode_reward,5,2595.7642661549116,34.370685209451636,2577.7873980826,2576.7676946627194,2627.249174664185,max
ppo,dry,stress_exposure,5,40.06361293958897,6.413678725672607,36.49992820876511,36.42374544622839,45.97219961114231,min
ppo,dry,stress_days,5,6.6,14.758048651498612,0.0,0.0,19.8,min
ppo,dry,max_daily_stress,5,0.5316738113279846,0.10298318269239105,0.4856183701931424,0.48559348962169596,0.623784775408971,min
ppo,extreme_dry,dry_yield_tonne_per_ha,5,13.800071057742779,0.01700541827309939,13.804310658473684,13.784915298078095,13.809947964882458,max
ppo,extreme_dry,total_irrigation_mm,5,456.99305231599044,14.21561130471542,466.0299660519791,444.295179613291,466.4345779379349,min
ppo,extreme_dry,water_productivity_kg_per_ha_per_mm,5,30.220781037060753,0.9335056955118486,29.62088608206476,29.59990212405618,31.05543681637559,max
ppo,extreme_dry,profit,5,2533.3232751558216,12.797817614685549,2524.418882065033,2524.3068799502844,2544.2664884318465,max
ppo,extreme_dry,episode_reward,5,2533.3232751558216,12.797817614685549,2524.418882065033,2524.3068799502844,2544.2664884318465,max
ppo,extreme_dry,stress_exposure,5,43.84993653370704,2.844655675922149,42.02723951352718,41.99137455445934,46.41972826050337,min
ppo,extreme_dry,stress_days,5,0.6,0.5477225575051662,1.0,0.2,1.0,min
ppo,extreme_dry,max_daily_stress,5,0.5058750665869414,0.017961430674002996,0.5177527639556351,0.49025041175886425,0.5184070114026532,min
ppo,limited_water,dry_yield_tonne_per_ha,5,12.82508292877679,1.8754713104074925,13.663081464851512,11.147583498390011,13.664378447066762,max
ppo,limited_water,total_irrigation_mm,5,260.8185613095967,126.23435952422318,315.2395835852051,147.1541662317163,320.1632457686603,min
ppo,limited_water,water_productivity_kg_per_ha_per_mm,5,91.46962551066744,106.33530065452476,44.27483339258313,43.3960306933121,186.72061063980246,max
ppo,limited_water,profit,5,2534.617826890338,273.83444463511336,2659.4205675281473,2288.7721042563926,2659.45359914564,max
ppo,limited_water,episode_reward,5,2534.617826890338,273.83444463511336,2659.4205675281473,2288.7721042563926,2659.45359914564,max
ppo,limited_water,stress_exposure,5,43.78937606206638,16.196551298769972,35.63275705743111,35.62201198980114,58.58258336096979,min
ppo,limited_water,stress_days,5,16.2,36.2243012354966,0.0,0.0,48.6,min
ppo,limited_water,max_daily_stress,5,0.5576683408317067,0.18463555280719887,0.47279955443161104,0.47274399887605545,0.7236978093389996,min
ppo,normal,dry_yield_tonne_per_ha,5,13.569566271369997,0.20558569920355177,13.663076390933178,13.384773976293857,13.66436465069695,max
ppo,normal,total_irrigation_mm,5,309.71283255590816,19.753697637665404,318.0386790907183,291.8818012226192,319.45348851394965,min
ppo,normal,water_productivity_kg_per_ha_per_mm,5,45.070139989875926,2.5441004422507048,43.98522445437887,43.830918318906505,47.36271317580112,max
ppo,normal,profit,5,2644.6204638898994,23.64514329426523,2656.3756368521344,2623.0795938404303,2656.5112369378435,max
ppo,normal,episode_reward,5,2644.6204638898994,23.64514329426523,2656.3756368521344,2623.0795938404303,2656.5112369378435,max
ppo,normal,stress_exposure,5,40.63819534830234,9.240439165463604,35.51650013328471,35.493203403866005,49.163208979023004,min
ppo,normal,stress_days,5,10.4,23.255106965997815,0.0,0.0,31.2,min
ppo,normal,max_daily_stress,5,0.5267558844825805,0.11717398382793866,0.47279955443161104,0.47274399887605545,0.6321573665666045,min
ppo,wet,dry_yield_tonne_per_ha,5,13.247589454988178,0.00567146445298511,13.245587233583098,13.244359363117923,13.252792540627558,max
ppo,wet,total_irrigation_mm,5,141.07394878920357,1.810828920026789,141.66740260398868,139.46573105529717,142.13001894169616,min
ppo,wet,water_productivity_kg_per_ha_per_mm,5,123.79048036370678,3.8656741896358424,124.74008381796321,120.28222151747244,126.07428846896896,max
ppo,wet,profit,5,2759.2883364292748,2.3090884970829655,2757.7379356494366,2757.603020422197,2761.1596227701607,max
ppo,wet,episode_reward,5,2759.2883364292748,2.3090884970829655,2757.7379356494366,2757.603020422197,2761.1596227701607,max
ppo,wet,stress_exposure,5,29.98461893767739,1.3686425582020132,29.041486678761395,28.97535777098342,31.012079340539593,min
ppo,wet,stress_days,5,0.0,0.0,0.0,0.0,0.0,min
ppo,wet,max_daily_stress,5,0.455242448641388,0.00014197679756355582,0.45513888888888876,0.4551388888888887,0.45534995784096477,min
rainfed,dry,dry_yield_tonne_per_ha,1,9.94642283281351,,9.94642283281351,9.94642283281351,9.94642283281351,max
rainfed,dry,total_irrigation_mm,1,0.0,,0.0,0.0,0.0,min
rainfed,dry,water_productivity_kg_per_ha_per_mm,0,,,,,,max
rainfed,dry,profit,1,2188.2130232189725,,2188.2130232189725,2188.2130232189725,2188.2130232189725,max
rainfed,dry,episode_reward,1,2188.2130232189725,,2188.2130232189725,2188.2130232189725,2188.2130232189725,max
rainfed,dry,stress_exposure,1,73.65932584136459,,73.65932584136459,73.65932584136459,73.65932584136459,min
rainfed,dry,stress_days,1,79.0,,79.0,79.0,79.0,min
rainfed,dry,max_daily_stress,1,0.8827557675340952,,0.8827557675340952,0.8827557675340952,0.8827557675340952,min
rainfed,extreme_dry,dry_yield_tonne_per_ha,1,0.7383863929751872,,0.7383863929751872,0.7383863929751872,0.7383863929751872,max
rainfed,extreme_dry,total_irrigation_mm,1,0.0,,0.0,0.0,0.0,min
rainfed,extreme_dry,water_productivity_kg_per_ha_per_mm,0,,,,,,max
rainfed,extreme_dry,profit,1,162.4450064545412,,162.4450064545412,162.4450064545412,162.4450064545412,max
rainfed,extreme_dry,episode_reward,1,162.4450064545412,,162.4450064545412,162.4450064545412,162.4450064545412,max
rainfed,extreme_dry,stress_exposure,1,48.758405336841285,,48.758405336841285,48.758405336841285,48.758405336841285,min
rainfed,extreme_dry,stress_days,1,47.0,,47.0,47.0,47.0,min
rainfed,extreme_dry,max_daily_stress,1,0.887055807312996,,0.887055807312996,0.887055807312996,0.887055807312996,min
rainfed,limited_water,dry_yield_tonne_per_ha,1,8.575521541819304,,8.575521541819304,8.575521541819304,8.575521541819304,max
rainfed,limited_water,total_irrigation_mm,1,0.0,,0.0,0.0,0.0,min
rainfed,limited_water,water_productivity_kg_per_ha_per_mm,0,,,,,,max
rainfed,limited_water,profit,1,1886.6147392002467,,1886.6147392002467,1886.6147392002467,1886.6147392002467,max
rainfed,limited_water,episode_reward,1,1886.6147392002467,,1886.6147392002467,1886.6147392002467,1886.6147392002467,max
rainfed,limited_water,stress_exposure,1,74.0684809829699,,74.0684809829699,74.0684809829699,74.0684809829699,min
rainfed,limited_water,stress_days,1,84.5,,84.5,84.5,84.5,min
rainfed,limited_water,max_daily_stress,1,0.8992785879338476,,0.8992785879338476,0.8992785879338476,0.8992785879338476,min
rainfed,normal,dry_yield_tonne_per_ha,1,8.575521541819304,,8.575521541819304,8.575521541819304,8.575521541819304,max
rainfed,normal,total_irrigation_mm,1,0.0,,0.0,0.0,0.0,min
rainfed,normal,water_productivity_kg_per_ha_per_mm,0,,,,,,max
rainfed,normal,profit,1,1886.6147392002467,,1886.6147392002467,1886.6147392002467,1886.6147392002467,max
rainfed,normal,episode_reward,1,1886.6147392002467,,1886.6147392002467,1886.6147392002467,1886.6147392002467,max
rainfed,normal,stress_exposure,1,74.0684809829699,,74.0684809829699,74.0684809829699,74.0684809829699,min
rainfed,normal,stress_days,1,84.5,,84.5,84.5,84.5,min
rainfed,normal,max_daily_stress,1,0.8992785879338476,,0.8992785879338476,0.8992785879338476,0.8992785879338476,min
rainfed,wet,dry_yield_tonne_per_ha,1,12.489840277191123,,12.489840277191123,12.489840277191123,12.489840277191123,max
rainfed,wet,total_irrigation_mm,1,0.0,,0.0,0.0,0.0,min
rainfed,wet,water_productivity_kg_per_ha_per_mm,0,,,,,,max
rainfed,wet,profit,1,2747.764860982047,,2747.764860982047,2747.764860982047,2747.764860982047,max
rainfed,wet,episode_reward,1,2747.764860982047,,2747.764860982047,2747.764860982047,2747.764860982047,max
rainfed,wet,stress_exposure,1,51.04997806660743,,51.04997806660743,51.04997806660743,51.04997806660743,min
rainfed,wet,stress_days,1,30.5,,30.5,30.5,30.5,min
rainfed,wet,max_daily_stress,1,0.7319145138244985,,0.7319145138244985,0.7319145138244985,0.7319145138244985,min
soil_moisture_threshold,dry,dry_yield_tonne_per_ha,1,13.317734051272977,,13.317734051272977,13.317734051272977,13.317734051272977,max
soil_moisture_threshold,dry,total_irrigation_mm,1,250.0,,250.0,250.0,250.0,min
soil_moisture_threshold,dry,water_productivity_kg_per_ha_per_mm,1,53.27093620509191,,53.27093620509191,53.27093620509191,53.27093620509191,max
soil_moisture_threshold,dry,profit,1,2654.901491280055,,2654.901491280055,2654.901491280055,2654.901491280055,max
soil_moisture_threshold,dry,episode_reward,1,2654.901491280055,,2654.901491280055,2654.901491280055,2654.901491280055,max
soil_moisture_threshold,dry,stress_exposure,1,40.2243011412929,,40.2243011412929,40.2243011412929,40.2243011412929,min
soil_moisture_threshold,dry,stress_days,1,3.0,,3.0,3.0,3.0,min
soil_moisture_threshold,dry,max_daily_stress,1,0.5426907366103169,,0.5426907366103169,0.5426907366103169,0.5426907366103169,min
soil_moisture_threshold,extreme_dry,dry_yield_tonne_per_ha,1,13.822405486781465,,13.822405486781465,13.822405486781465,13.822405486781465,max
soil_moisture_threshold,extreme_dry,total_irrigation_mm,1,442.283,,442.283,442.283,442.283,min
soil_moisture_threshold,extreme_dry,water_productivity_kg_per_ha_per_mm,1,31.252400582390607,,31.252400582390607,31.252400582390607,31.252400582390607,max
soil_moisture_threshold,extreme_dry,profit,1,2554.417907091922,,2554.417907091922,2554.417907091922,2554.417907091922,max
soil_moisture_threshold,extreme_dry,episode_reward,1,2554.417907091922,,2554.417907091922,2554.417907091922,2554.417907091922,max
soil_moisture_threshold,extreme_dry,stress_exposure,1,46.10702212021194,,46.10702212021194,46.10702212021194,46.10702212021194,min
soil_moisture_threshold,extreme_dry,stress_days,1,2.0,,2.0,2.0,2.0,min
soil_moisture_threshold,extreme_dry,max_daily_stress,1,0.5169363025052478,,0.5169363025052478,0.5169363025052478,0.5169363025052478,min
soil_moisture_threshold,limited_water,dry_yield_tonne_per_ha,1,13.643423863319907,,13.643423863319907,13.643423863319907,13.643423863319907,max
soil_moisture_threshold,limited_water,total_irrigation_mm,1,296.3005,,296.3005,296.3005,296.3005,min
soil_moisture_threshold,limited_water,water_productivity_kg_per_ha_per_mm,1,46.41625361333223,,46.41625361333223,46.41625361333223,46.41625361333223,max
soil_moisture_threshold,limited_water,profit,1,2675.6226999303794,,2675.6226999303794,2675.6226999303794,2675.6226999303794,max
soil_moisture_threshold,limited_water,episode_reward,1,2675.6226999303794,,2675.6226999303794,2675.6226999303794,2675.6226999303794,max
soil_moisture_threshold,limited_water,stress_exposure,1,42.673787414513406,,42.673787414513406,42.673787414513406,42.673787414513406,min
soil_moisture_threshold,limited_water,stress_days,1,2.0,,2.0,2.0,2.0,min
soil_moisture_threshold,limited_water,max_daily_stress,1,0.5215074993477333,,0.5215074993477333,0.5215074993477333,0.5215074993477333,min
soil_moisture_threshold,normal,dry_yield_tonne_per_ha,1,13.643423863319907,,13.643423863319907,13.643423863319907,13.643423863319907,max
soil_moisture_threshold,normal,total_irrigation_mm,1,296.3005,,296.3005,296.3005,296.3005,min
soil_moisture_threshold,normal,water_productivity_kg_per_ha_per_mm,1,46.41625361333223,,46.41625361333223,46.41625361333223,46.41625361333223,max
soil_moisture_threshold,normal,profit,1,2675.6226999303794,,2675.6226999303794,2675.6226999303794,2675.6226999303794,max
soil_moisture_threshold,normal,episode_reward,1,2675.6226999303794,,2675.6226999303794,2675.6226999303794,2675.6226999303794,max
soil_moisture_threshold,normal,stress_exposure,1,42.673787414513406,,42.673787414513406,42.673787414513406,42.673787414513406,min
soil_moisture_threshold,normal,stress_days,1,2.0,,2.0,2.0,2.0,min
soil_moisture_threshold,normal,max_daily_stress,1,0.5215074993477333,,0.5215074993477333,0.5215074993477333,0.5215074993477333,min
soil_moisture_threshold,wet,dry_yield_tonne_per_ha,1,13.262780251083257,,13.262780251083257,13.262780251083257,13.262780251083257,max
soil_moisture_threshold,wet,total_irrigation_mm,1,141.768,,141.768,141.768,141.768,min
soil_moisture_threshold,wet,water_productivity_kg_per_ha_per_mm,1,110.2759618725159,,110.2759618725159,110.2759618725159,110.2759618725159,max
soil_moisture_threshold,wet,profit,1,2761.8668552383165,,2761.8668552383165,2761.8668552383165,2761.8668552383165,max
soil_moisture_threshold,wet,episode_reward,1,2761.8668552383165,,2761.8668552383165,2761.8668552383165,2761.8668552383165,max
soil_moisture_threshold,wet,stress_exposure,1,30.064646718367772,,30.064646718367772,30.064646718367772,30.064646718367772,min
soil_moisture_threshold,wet,stress_days,1,0.5,,0.5,0.5,0.5,min
soil_moisture_threshold,wet,max_daily_stress,1,0.5048802344396832,,0.5048802344396832,0.5048802344396832,0.5048802344396832,min
