algorithm,scenario,seed,wall_clock_seconds,peak_rss_bytes,peak_process_tree_rss_bytes
crossq,dry,11,14025.559413196519,903618560,903618560
crossq,dry,23,13925.897412683815,912220160,912220160
crossq,dry,37,14056.250753059983,911417344,911417344
crossq,dry,53,13955.879835439846,908206080,908206080
crossq,dry,71,14052.775239707902,909746176,909746176
crossq,extreme_dry,11,13964.326840216294,913608704,913608704
crossq,extreme_dry,23,14009.828062813729,904306688,904306688
crossq,extreme_dry,37,14028.012691963464,916828160,916828160
crossq,extreme_dry,53,14064.659151921049,909553664,909553664
crossq,extreme_dry,71,14044.898677971214,907980800,907980800
crossq,limited_water,11,13906.298976201564,908869632,908869632
crossq,limited_water,23,14023.438294205815,911843328,911843328
crossq,limited_water,37,14029.371047271416,907849728,907849728
crossq,limited_water,53,13881.19297782518,911822848,911822848
crossq,limited_water,71,13841.311264591292,910471168,910471168
crossq,normal,11,13994.338486023247,902459392,902459392
crossq,normal,23,14029.413780394942,909414400,909414400
crossq,normal,37,13970.328134659678,908017664,908017664
crossq,normal,53,13891.802500147372,909045760,909045760
crossq,normal,71,13988.598488174379,905383936,905383936
crossq,wet,11,14051.549135938287,909074432,909074432
crossq,wet,23,13852.147413508967,915746816,915746816
crossq,wet,37,13876.236733615398,912961536,912961536
crossq,wet,53,13948.061121338978,911294464,911294464
crossq,wet,71,14142.027869520709,911134720,911134720
dreamerv3,dry,11,3322.8037470281124,4070899712,6414630912
dreamerv3,dry,23,3022.521857658401,4073623552,6415073280
dreamerv3,dry,37,3346.456840608269,4072787968,6415187968
dreamerv3,dry,53,3037.7851957213134,4072505344,6416175104
dreamerv3,dry,71,3380.213390318677,4074057728,6416502784
dreamerv3,extreme_dry,11,3036.891446813941,4073889792,6421032960
dreamerv3,extreme_dry,23,3376.376007478684,4073840640,6416879616
dreamerv3,extreme_dry,37,3056.1612290218472,4073406464,6415597568
dreamerv3,extreme_dry,53,3369.603327408433,4071837696,6413529088
dreamerv3,extreme_dry,71,3044.562925176695,4073639936,6416404480
dreamerv3,limited_water,11,3379.9744993206114,4079755264,6424141824
dreamerv3,limited_water,23,3043.55946556665,4080001024,6422786048
dreamerv3,limited_water,37,3316.306235637516,4079456256,6424616960
dreamerv3,limited_water,53,3041.924612160772,4080390144,6426300416
dreamerv3,limited_water,71,3339.3062990475446,4079714304,6420836352
dreamerv3,normal,11,3030.0685847364366,4071481344,6414069760
dreamerv3,normal,23,3308.252490129322,4074311680,6416973824
dreamerv3,normal,37,3057.8300303500146,4073218048,6417596416
dreamerv3,normal,53,3331.7952810879797,4073537536,6419222528
dreamerv3,normal,71,3062.5826168470085,4072288256,6413312000
dreamerv3,wet,11,3040.9315172675997,4073209856,6415601664
dreamerv3,wet,23,3327.675549896434,4072022016,6416125952
dreamerv3,wet,37,3057.205808416009,4070969344,6408699904
dreamerv3,wet,53,3041.6483728587627,4073975808,6414245888
dreamerv3,wet,71,3363.0029789954424,4072497152,6415675392
dsac_t,dry,11,2523.1391604170203,762294272,762294272
dsac_t,dry,23,2560.160369247198,768315392,768315392
dsac_t,dry,37,2553.217380741611,769241088,769241088
dsac_t,dry,53,2582.9231649637222,768040960,768040960
dsac_t,dry,71,2563.834602870047,769187840,769187840
dsac_t,extreme_dry,11,2476.9043437726796,768577536,768577536
dsac_t,extreme_dry,23,2565.0450546331704,770154496,770154496
dsac_t,extreme_dry,37,2412.909291792661,768876544,768876544
dsac_t,extreme_dry,53,2539.544842911884,769085440,769085440
dsac_t,extreme_dry,71,2572.692168556154,769695744,769695744
dsac_t,limited_water,11,2570.255904402584,768946176,768946176
dsac_t,limited_water,23,2550.5601467024535,768999424,768999424
dsac_t,limited_water,37,2561.82947223261,768765952,768765952
dsac_t,limited_water,53,2559.642864091322,769138688,769138688
dsac_t,limited_water,71,2495.6207479685545,768716800,768716800
dsac_t,normal,11,2551.6818263605237,763920384,763920384
dsac_t,normal,23,2523.020063849166,767229952,767229952
dsac_t,normal,37,2544.26882735081,767016960,767016960
dsac_t,normal,53,2407.4935900084674,761061376,761061376
dsac_t,normal,71,2550.5146774780005,760770560,760770560
dsac_t,wet,11,2528.1370150540024,768999424,768999424
dsac_t,wet,23,2507.699707010761,768065536,768065536
dsac_t,wet,37,2485.5506382510066,769904640,769904640
dsac_t,wet,53,2536.930392788723,768737280,768737280
dsac_t,wet,71,2519.494732050225,769241088,769241088
ppo,dry,11,1857.1793276257813,725114880,725114880
ppo,dry,23,1876.7456703353673,729882624,729882624
ppo,dry,37,1862.3084085956216,729829376,729829376
ppo,dry,53,1889.434166252613,728891392,728891392
ppo,dry,71,1884.5715390890837,729772032,729772032
ppo,extreme_dry,11,1896.4289161842316,729980928,729980928
ppo,extreme_dry,23,1909.3614042978734,729415680,729415680
ppo,extreme_dry,37,1857.8409901037812,729645056,729645056
ppo,extreme_dry,53,1864.401644654572,729354240,729354240
ppo,extreme_dry,71,1879.801177116111,729743360,729743360
ppo,limited_water,11,1868.315548915416,729145344,729145344
ppo,limited_water,23,1883.315080229193,730095616,730095616
ppo,limited_water,37,1851.8470180351287,729788416,729788416
ppo,limited_water,53,1861.4618186112493,731041792,731041792
ppo,limited_water,71,1872.0037784595042,729604096,729604096
ppo,normal,11,1909.5251961238682,720859136,720859136
ppo,normal,23,1891.3763534240425,721637376,721637376
ppo,normal,37,1891.088026324287,717688832,717688832
ppo,normal,53,1900.6601313129067,728879104,728879104
ppo,normal,71,1855.4646799135953,720801792,720801792
ppo,wet,11,1850.2999794203788,730816512,730816512
ppo,wet,23,1870.8227748163044,729841664,729841664
ppo,wet,37,1896.1454709190875,729669632,729669632
ppo,wet,53,1868.8299618922174,730120192,730120192
ppo,wet,71,1843.162066463381,729247744,729247744
