scenario,year,split,seasonal_precip_mm,estimated_irrigation_requirement_mm,reference_dry_yield_tonne_per_ha,net_irrigation_target_pct_taw
extreme_dry,1983,validation,176.57,537.676686271255,12.954508178028334,100.0
extreme_dry,1984,train,137.92000000000002,624.608388525607,13.599934714594385,100.0
extreme_dry,2000,test,245.68,629.8247008350771,13.925014616681318,100.0
extreme_dry,2002,train,187.95000000000002,651.0971250124328,13.989781930049599,100.0
extreme_dry,2003,train,168.05,623.1402488334388,13.787186874197124,100.0
extreme_dry,2012,train,86.85,778.4872412968205,14.37218513826406,100.0
dry,1985,train,253.58999999999997,613.5346048421651,13.248461422595526,100.0
dry,1989,test,276.33,531.2972545353706,13.327119650607514,100.0
dry,1997,train,294.43,580.5423869953444,13.626391215634785,100.0
dry,2001,validation,309.75,587.0360392130806,13.762075699358348,100.0
dry,2013,train,259.32,586.4682560636024,14.086450650323243,100.0
dry,2016,train,270.31,537.3232498133187,14.328529033818512,100.0
dry,2017,train,299.31,566.6459205194095,14.00348384547206,100.0
normal,1988,test,357.38,645.4357783852131,13.94199375916421,100.0
normal,1990,train,316.48,622.1969456307761,13.778767495814256,100.0
normal,1994,train,370.53,607.8594092679734,14.088974802881188,100.0
normal,1995,train,373.45,513.7570600679796,12.844698693294363,100.0
normal,1998,test,353.28000000000003,555.6541340116793,13.529390029940696,100.0
normal,1999,validation,381.22,512.7063177188033,13.743700012792965,100.0
normal,2005,train,374.5,556.7889082804995,13.791657836849039,100.0
normal,2006,train,336.54,605.245247298395,14.19069186506668,100.0
normal,2007,validation,325.68,547.618859164399,14.026332361696733,100.0
normal,2010,train,340.45000000000005,548.7451779265906,14.121307596780904,100.0
normal,2018,train,390.21000000000004,563.5820213008311,14.34203539449548,100.0
limited_water,1988,test,357.38,645.4357783852131,13.94199375916421,100.0
limited_water,1990,train,316.48,622.1969456307761,13.778767495814256,100.0
limited_water,1994,train,370.53,607.8594092679734,14.088974802881188,100.0
limited_water,1995,train,373.45,513.7570600679796,12.844698693294363,100.0
limited_water,1998,test,353.28000000000003,555.6541340116793,13.529390029940696,100.0
limited_water,1999,validation,381.22,512.7063177188033,13.743700012792965,100.0
limited_water,2005,train,374.5,556.7889082804995,13.791657836849039,100.0
limited_water,2006,train,336.54,605.245247298395,14.19069186506668,100.0
limited_water,2007,validation,325.68,547.618859164399,14.026332361696733,100.0
limited_water,2010,train,340.45000000000005,548.7451779265906,14.121307596780904,100.0
limited_water,2018,train,390.21000000000004,563.5820213008311,14.34203539449548,100.0
wet,1991,validation,476.3,599.3590822537587,14.015024289830988,100.0
wet,1992,test,459.99,430.0796813412241,12.67717358111974,100.0
wet,1993,train,449.19,411.2142351038959,13.129758633235669,100.0
wet,1996,train,531.77,441.1054041415253,13.554195891962813,100.0
wet,2004,validation,526.51,479.96303847550973,12.956816366115252,100.0
wet,2009,train,515.19,440.36717635729343,13.631086943043229,100.0
wet,2014,test,428.58000000000004,501.7922725818815,13.928682760238571,100.0
wet,2015,train,472.48,530.2396443391566,13.842035256487694,100.0
