algorithm,scenario,seed,target_environment_steps,actual_environment_steps,overshoot_steps
crossq,dry,11,204800,204800,0
crossq,dry,23,204800,204800,0
crossq,dry,37,204800,204800,0
crossq,dry,53,204800,204800,0
crossq,dry,71,204800,204800,0
crossq,extreme_dry,11,204800,204800,0
crossq,extreme_dry,23,204800,204800,0
crossq,extreme_dry,37,204800,204800,0
crossq,extreme_dry,53,204800,204800,0
crossq,extreme_dry,71,204800,204800,0
crossq,limited_water,11,204800,204800,0
crossq,limited_water,23,204800,204800,0
crossq,limited_water,37,204800,204800,0
crossq,limited_water,53,204800,204800,0
crossq,limited_water,71,204800,204800,0
crossq,normal,11,204800,204800,0
crossq,normal,23,204800,204800,0
crossq,normal,37,204800,204800,0
crossq,normal,53,204800,204800,0
crossq,normal,71,204800,204800,0
crossq,wet,11,204800,204800,0
crossq,wet,23,204800,204800,0
crossq,wet,37,204800,204800,0
crossq,wet,53,204800,204800,0
crossq,wet,71,204800,204800,0
dreamerv3,dry,11,204800,204800,0
dreamerv3,dry,23,204800,204800,0
dreamerv3,dry,37,204800,204800,0
dreamerv3,dry,53,204800,204800,0
dreamerv3,dry,71,204800,204800,0
dreamerv3,extreme_dry,11,204800,204800,0
dreamerv3,extreme_dry,23,204800,204800,0
dreamerv3,extreme_dry,37,204800,204800,0
dreamerv3,extreme_dry,53,204800,204800,0
dreamerv3,extreme_dry,71,204800,204800,0
dreamerv3,limited_water,11,204800,204800,0
dreamerv3,limited_water,23,204800,204800,0
dreamerv3,limited_water,37,204800,204800,0
dreamerv3,limited_water,53,204800,204800,0
dreamerv3,limited_water,71,204800,204800,0
dreamerv3,normal,11,204800,204800,0
dreamerv3,normal,23,204800,204800,0
dreamerv3,normal,37,204800,204800,0
dreamerv3,normal,53,204800,204800,0
dreamerv3,normal,71,204800,204800,0
dreamerv3,wet,11,204800,204800,0
dreamerv3,wet,23,204800,204800,0
dreamerv3,wet,37,204800,204800,0
dreamerv3,wet,53,204800,204800,0
dreamerv3,wet,71,204800,204800,0
dsac_t,dry,11,204800,204800,0
dsac_t,dry,23,204800,204800,0
dsac_t,dry,37,204800,204800,0
dsac_t,dry,53,204800,204800,0
dsac_t,dry,71,204800,204800,0
dsac_t,extreme_dry,11,204800,204800,0
dsac_t,extreme_dry,23,204800,204800,0
dsac_t,extreme_dry,37,204800,204800,0
dsac_t,extreme_dry,53,204800,204800,0
dsac_t,extreme_dry,71,204800,204800,0
dsac_t,limited_water,11,204800,204800,0
dsac_t,limited_water,23,204800,204800,0
dsac_t,limited_water,37,204800,204800,0
dsac_t,limited_water,53,204800,204800,0
dsac_t,limited_water,71,204800,204800,0
dsac_t,normal,11,204800,204800,0
dsac_t,normal,23,204800,204800,0
dsac_t,normal,37,204800,204800,0
dsac_t,normal,53,204800,204800,0
dsac_t,normal,71,204800,204800,0
dsac_t,wet,11,204800,204800,0
dsac_t,wet,23,204800,204800,0
dsac_t,wet,37,204800,204800,0
dsac_t,wet,53,204800,204800,0
dsac_t,wet,71,204800,204800,0
ppo,dry,11,204800,204800,0
ppo,dry,23,204800,204800,0
ppo,dry,37,204800,204800,0
ppo,dry,53,204800,204800,0
ppo,dry,71,204800,204800,0
ppo,extreme_dry,11,204800,204800,0
ppo,extreme_dry,23,204800,204800,0
ppo,extreme_dry,37,204800,204800,0
ppo,extreme_dry,53,204800,204800,0
ppo,extreme_dry,71,204800,204800,0
ppo,limited_water,11,204800,204800,0
ppo,limited_water,23,204800,204800,0
ppo,limited_water,37,204800,204800,0
ppo,limited_water,53,204800,204800,0
ppo,limited_water,71,204800,204800,0
ppo,normal,11,204800,204800,0
ppo,normal,23,204800,204800,0
ppo,normal,37,204800,204800,0
ppo,normal,53,204800,204800,0
ppo,normal,71,204800,204800,0
ppo,wet,11,204800,204800,0
ppo,wet,23,204800,204800,0
ppo,wet,37,204800,204800,0
ppo,wet,53,204800,204800,0
ppo,wet,71,204800,204800,0
