algorithm,scenario,seed,observed_environment_steps,learning_curve_auc_mean_reward,final_rolling_reward,logged_points
crossq,dry,11,204753.0,2627.1705489071305,2681.912886624102,1563
crossq,dry,23,204753.0,2594.75036026537,2721.756667061053,1563
crossq,dry,37,204753.0,2616.6587440013186,2610.027858969828,1563
crossq,dry,53,204753.0,2583.3271097858765,2645.977116237653,1563
crossq,dry,71,204753.0,2643.822755802793,2631.5077519292654,1563
crossq,extreme_dry,11,204741.0,2341.925961159061,2402.7820851777906,1563
crossq,extreme_dry,23,204714.0,2372.6411879050356,2550.469955205079,1563
crossq,extreme_dry,37,204722.0,2425.39309526715,2431.2774856311726,1563
crossq,extreme_dry,53,204717.0,2386.1852947252905,2568.492002005518,1563
crossq,extreme_dry,71,204752.0,2398.0167318255776,2477.39688206957,1563
crossq,limited_water,11,204753.0,2664.901858915686,2767.9673556184,1563
crossq,limited_water,23,204752.0,2705.5906442878836,2810.897520046949,1563
crossq,limited_water,37,204753.0,2654.20893161119,2722.597394118674,1563
crossq,limited_water,53,204753.0,2662.844534575562,2625.8669951297074,1563
crossq,limited_water,71,204753.0,2704.1406340439726,2757.5320352369527,1563
crossq,normal,11,204753.0,2671.4992450700843,2736.11318402122,1563
crossq,normal,23,204753.0,2684.93309502558,2822.74336137254,1563
crossq,normal,37,204753.0,2694.092001373622,2727.172174475011,1563
crossq,normal,53,204753.0,2648.749750964774,2672.079845835059,1563
crossq,normal,71,204753.0,2712.5437863170773,2713.62763040801,1563
crossq,wet,11,204753.0,2790.9175397169174,2843.7534625694148,1563
crossq,wet,23,204753.0,2812.6516022569344,2816.9433495672306,1563
crossq,wet,37,204753.0,2808.444033330424,2824.7215908321227,1563
crossq,wet,53,204753.0,2817.2843012580856,2855.9385875972966,1563
crossq,wet,71,204753.0,2812.7544401671903,2889.7654653378268,1563
dreamerv3,dry,11,204800.0,2591.6078530421614,2493.7525101053134,3185
dreamerv3,dry,23,204800.0,2645.7557194858114,2644.920455804733,3185
dreamerv3,dry,37,204800.0,2611.590988300144,2627.600725074385,3185
dreamerv3,dry,53,204800.0,2644.9697571072784,2678.6153052444897,3185
dreamerv3,dry,71,204800.0,2646.8759407776492,2702.4320480591987,3185
dreamerv3,extreme_dry,11,204800.0,2374.4780462802155,2120.879038228145,3185
dreamerv3,extreme_dry,23,204800.0,2514.21469802107,2539.744571213548,3185
dreamerv3,extreme_dry,37,204800.0,2186.205405084863,2368.066425220476,3185
dreamerv3,extreme_dry,53,204800.0,2288.984543285794,2112.293797354714,3185
dreamerv3,extreme_dry,71,204800.0,2415.10668937511,2050.7026440717027,3185
dreamerv3,limited_water,11,204800.0,2717.263741585987,2722.1598227250424,3185
dreamerv3,limited_water,23,204800.0,2700.5529339643867,2677.416920008593,3185
dreamerv3,limited_water,37,204800.0,2716.1787867021512,2689.5750425182314,3185
dreamerv3,limited_water,53,204800.0,2711.1063188419803,2692.9278359385494,3185
dreamerv3,limited_water,71,204800.0,2717.4252271393193,2756.007732808692,3185
dreamerv3,normal,11,204800.0,2704.8860669977425,2730.530387907997,3185
dreamerv3,normal,23,204800.0,2706.6562704834805,2720.288433503437,3185
dreamerv3,normal,37,204800.0,2708.8080540629476,2658.2007452156604,3185
dreamerv3,normal,53,204800.0,2710.491478538425,2697.863759431174,3185
dreamerv3,normal,71,204800.0,2707.4894730280357,2736.884730626845,3185
dreamerv3,wet,11,204800.0,2805.5909674509285,2852.180255147053,3185
dreamerv3,wet,23,204800.0,2808.350347504873,2834.456164238547,3185
dreamerv3,wet,37,204800.0,2809.4187608365655,2842.0786024123418,3185
dreamerv3,wet,53,204800.0,2806.065727920134,2832.871643444424,3185
dreamerv3,wet,71,204800.0,2807.403672428514,2818.6761619392937,3185
dsac_t,dry,11,204675.0,1857.2967976383732,1834.8059189990895,1564
dsac_t,dry,23,204671.0,1712.193123623529,2147.600748875046,1566
dsac_t,dry,37,204753.0,2173.3636526446367,2379.6571990162674,1563
dsac_t,dry,53,204757.0,1791.284243827224,2192.325023747229,1567
dsac_t,dry,71,204699.0,1769.5196145384762,2265.4093680761416,1569
dsac_t,extreme_dry,11,204702.0,1291.3713409908316,1237.438093238598,1639
dsac_t,extreme_dry,23,204731.0,1264.6613381546297,1210.8874607947248,1643
dsac_t,extreme_dry,37,204721.0,1353.4122228231508,1420.3809148103755,1632
dsac_t,extreme_dry,53,204678.0,1120.5530008795258,1052.7921094302233,1625
dsac_t,extreme_dry,71,204710.0,1302.44039743911,1336.762752467221,1633
dsac_t,limited_water,11,204753.0,2381.6007810331853,2621.8796779872337,1563
dsac_t,limited_water,23,204753.0,2473.8775787243553,2771.288221314365,1563
dsac_t,limited_water,37,204753.0,2490.4013654071327,2044.8502249166904,1563
dsac_t,limited_water,53,204753.0,2423.6012615649406,2740.6428158634,1563
dsac_t,limited_water,71,204753.0,2581.1260690593967,2800.808959771427,1563
dsac_t,normal,11,204753.0,2303.3884854677476,2428.2946960136087,1563
dsac_t,normal,23,204753.0,2497.6295233886112,2658.9408255606995,1563
dsac_t,normal,37,204753.0,2631.851600070578,2622.851781673927,1563
dsac_t,normal,53,204753.0,2590.059909258762,2368.597231523204,1563
dsac_t,normal,71,204753.0,2585.80179708316,2706.622315679704,1563
dsac_t,wet,11,204753.0,2752.0917519763266,2810.843360154776,1563
dsac_t,wet,23,204753.0,2784.6740147545397,2813.98956118599,1563
dsac_t,wet,37,204753.0,2733.255367331193,2815.3100082908204,1563
dsac_t,wet,53,204753.0,2738.530985384955,2820.4912011504157,1563
dsac_t,wet,71,204753.0,2759.262700996504,2828.7898813853426,1563
ppo,dry,11,204753.0,2644.64524664265,2671.900620163815,1563
ppo,dry,23,204753.0,2648.3695067165377,2682.0039865455565,1563
ppo,dry,37,204753.0,2649.463382224373,2621.611046637211,1563
ppo,dry,53,204753.0,2649.8137577198354,2654.1364036968107,1563
ppo,dry,71,204753.0,2652.3016867126416,2678.7353898352676,1563
ppo,extreme_dry,11,204753.0,2513.0791890655323,2511.9155137215107,1563
ppo,extreme_dry,23,204753.0,2515.083491777221,2506.0822629303952,1563
ppo,extreme_dry,37,204753.0,2509.9371685214405,2510.9202196272586,1563
ppo,extreme_dry,53,204753.0,2511.729801975328,2516.837749904613,1563
ppo,extreme_dry,71,204753.0,2516.823093127773,2526.044586486093,1563
ppo,limited_water,11,204753.0,2718.0958750442305,2735.587664712748,1563
ppo,limited_water,23,204753.0,2716.472495643767,2760.0343235081136,1563
ppo,limited_water,37,204753.0,2717.7288299957695,2716.6789882229614,1563
ppo,limited_water,53,204753.0,2720.024147472549,2699.4497871544413,1563
ppo,limited_water,71,204753.0,2719.702093487201,2736.32511739402,1563
ppo,normal,11,204753.0,2708.4908757236008,2733.215671207834,1563
ppo,normal,23,204753.0,2707.6318611640518,2755.738596745738,1563
ppo,normal,37,204753.0,2709.0449499540014,2699.486681955156,1563
ppo,normal,53,204753.0,2711.0901119771297,2689.261388138745,1563
ppo,normal,71,204753.0,2711.362518872454,2731.063892767638,1563
ppo,wet,11,204753.0,2807.0472365432865,2817.971574379774,1563
ppo,wet,23,204753.0,2809.1559946739435,2817.425999883238,1563
ppo,wet,37,204753.0,2807.4077931750926,2811.5049754468478,1563
ppo,wet,53,204753.0,2806.0924654919386,2813.3833209764884,1563
ppo,wet,71,204753.0,2810.225433248843,2832.621685052026,1563
