preset,algorithm,scenario,seed,learned_agent,evaluation_exists,expected_test_years,observed_test_years,expected_evaluation_rows,observed_evaluation_rows,budget_metadata_exists,expected_target_environment_steps,recorded_target_environment_steps,actual_environment_steps,overshoot_steps,evaluation_read_error,budget_read_error,complete
benchmark,ppo,normal,11,True,True,1988;1998,1988;1998,2,2,True,204800.0,204800.0,204800.0,0.0,,,True
benchmark,ppo,normal,23,True,True,1988;1998,1988;1998,2,2,True,204800.0,204800.0,204800.0,0.0,,,True
benchmark,ppo,normal,37,True,True,1988;1998,1988;1998,2,2,True,204800.0,204800.0,204800.0,0.0,,,True
benchmark,ppo,normal,53,True,True,1988;1998,1988;1998,2,2,True,204800.0,204800.0,204800.0,0.0,,,True
benchmark,ppo,normal,71,True,True,1988;1998,1988;1998,2,2,True,204800.0,204800.0,204800.0,0.0,,,True
benchmark,crossq,normal,11,True,True,1988;1998,1988;1998,2,2,True,204800.0,204800.0,204800.0,0.0,,,True
benchmark,crossq,normal,23,True,True,1988;1998,1988;1998,2,2,True,204800.0,204800.0,204800.0,0.0,,,True
benchmark,crossq,normal,37,True,True,1988;1998,1988;1998,2,2,True,204800.0,204800.0,204800.0,0.0,,,True
benchmark,crossq,normal,53,True,True,1988;1998,1988;1998,2,2,True,204800.0,204800.0,204800.0,0.0,,,True
benchmark,crossq,normal,71,True,True,1988;1998,1988;1998,2,2,True,204800.0,204800.0,204800.0,0.0,,,True
benchmark,dsac_t,normal,11,True,True,1988;1998,1988;1998,2,2,True,204800.0,204800.0,204800.0,0.0,,,True
benchmark,dsac_t,normal,23,True,True,1988;1998,1988;1998,2,2,True,204800.0,204800.0,204800.0,0.0,,,True
benchmark,dsac_t,normal,37,True,True,1988;1998,1988;1998,2,2,True,204800.0,204800.0,204800.0,0.0,,,True
benchmark,dsac_t,normal,53,True,True,1988;1998,1988;1998,2,2,True,204800.0,204800.0,204800.0,0.0,,,True
benchmark,dsac_t,normal,71,True,True,1988;1998,1988;1998,2,2,True,204800.0,204800.0,204800.0,0.0,,,True
benchmark,dreamerv3,normal,11,True,True,1988;1998,1988;1998,2,2,True,204800.0,204800.0,204800.0,0.0,,,True
benchmark,dreamerv3,normal,23,True,True,1988;1998,1988;1998,2,2,True,204800.0,204800.0,204800.0,0.0,,,True
benchmark,dreamerv3,normal,37,True,True,1988;1998,1988;1998,2,2,True,204800.0,204800.0,204800.0,0.0,,,True
benchmark,dreamerv3,normal,53,True,True,1988;1998,1988;1998,2,2,True,204800.0,204800.0,204800.0,0.0,,,True
benchmark,dreamerv3,normal,71,True,True,1988;1998,1988;1998,2,2,True,204800.0,204800.0,204800.0,0.0,,,True
benchmark,rainfed,normal,11,False,True,1988;1998,1988;1998,2,2,,,,,,,,True
benchmark,soil_moisture_threshold,normal,11,False,True,1988;1998,1988;1998,2,2,,,,,,,,True
benchmark,fixed_interval,normal,11,False,True,1988;1998,1988;1998,2,2,,,,,,,,True
benchmark,ppo,dry,11,True,True,1989,1989,1,1,True,204800.0,204800.0,204800.0,0.0,,,True
benchmark,ppo,dry,23,True,True,1989,1989,1,1,True,204800.0,204800.0,204800.0,0.0,,,True
benchmark,ppo,dry,37,True,True,1989,1989,1,1,True,204800.0,204800.0,204800.0,0.0,,,True
benchmark,ppo,dry,53,True,True,1989,1989,1,1,True,204800.0,204800.0,204800.0,0.0,,,True
benchmark,ppo,dry,71,True,True,1989,1989,1,1,True,204800.0,204800.0,204800.0,0.0,,,True
benchmark,crossq,dry,11,True,True,1989,1989,1,1,True,204800.0,204800.0,204800.0,0.0,,,True
benchmark,crossq,dry,23,True,True,1989,1989,1,1,True,204800.0,204800.0,204800.0,0.0,,,True
benchmark,crossq,dry,37,True,True,1989,1989,1,1,True,204800.0,204800.0,204800.0,0.0,,,True
benchmark,crossq,dry,53,True,True,1989,1989,1,1,True,204800.0,204800.0,204800.0,0.0,,,True
benchmark,crossq,dry,71,True,True,1989,1989,1,1,True,204800.0,204800.0,204800.0,0.0,,,True
benchmark,dsac_t,dry,11,True,True,1989,1989,1,1,True,204800.0,204800.0,204800.0,0.0,,,True
benchmark,dsac_t,dry,23,True,True,1989,1989,1,1,True,204800.0,204800.0,204800.0,0.0,,,True
benchmark,dsac_t,dry,37,True,True,1989,1989,1,1,True,204800.0,204800.0,204800.0,0.0,,,True
benchmark,dsac_t,dry,53,True,True,1989,1989,1,1,True,204800.0,204800.0,204800.0,0.0,,,True
benchmark,dsac_t,dry,71,True,True,1989,1989,1,1,True,204800.0,204800.0,204800.0,0.0,,,True
benchmark,dreamerv3,dry,11,True,True,1989,1989,1,1,True,204800.0,204800.0,204800.0,0.0,,,True
benchmark,dreamerv3,dry,23,True,True,1989,1989,1,1,True,204800.0,204800.0,204800.0,0.0,,,True
benchmark,dreamerv3,dry,37,True,True,1989,1989,1,1,True,204800.0,204800.0,204800.0,0.0,,,True
benchmark,dreamerv3,dry,53,True,True,1989,1989,1,1,True,204800.0,204800.0,204800.0,0.0,,,True
benchmark,dreamerv3,dry,71,True,True,1989,1989,1,1,True,204800.0,204800.0,204800.0,0.0,,,True
benchmark,rainfed,dry,11,False,True,1989,1989,1,1,,,,,,,,True
benchmark,soil_moisture_threshold,dry,11,False,True,1989,1989,1,1,,,,,,,,True
benchmark,fixed_interval,dry,11,False,True,1989,1989,1,1,,,,,,,,True
benchmark,ppo,extreme_dry,11,True,True,2000,2000,1,1,True,204800.0,204800.0,204800.0,0.0,,,True
benchmark,ppo,extreme_dry,23,True,True,2000,2000,1,1,True,204800.0,204800.0,204800.0,0.0,,,True
benchmark,ppo,extreme_dry,37,True,True,2000,2000,1,1,True,204800.0,204800.0,204800.0,0.0,,,True
benchmark,ppo,extreme_dry,53,True,True,2000,2000,1,1,True,204800.0,204800.0,204800.0,0.0,,,True
benchmark,ppo,extreme_dry,71,True,True,2000,2000,1,1,True,204800.0,204800.0,204800.0,0.0,,,True
benchmark,crossq,extreme_dry,11,True,True,2000,2000,1,1,True,204800.0,204800.0,204800.0,0.0,,,True
benchmark,crossq,extreme_dry,23,True,True,2000,2000,1,1,True,204800.0,204800.0,204800.0,0.0,,,True
benchmark,crossq,extreme_dry,37,True,True,2000,2000,1,1,True,204800.0,204800.0,204800.0,0.0,,,True
benchmark,crossq,extreme_dry,53,True,True,2000,2000,1,1,True,204800.0,204800.0,204800.0,0.0,,,True
benchmark,crossq,extreme_dry,71,True,True,2000,2000,1,1,True,204800.0,204800.0,204800.0,0.0,,,True
benchmark,dsac_t,extreme_dry,11,True,True,2000,2000,1,1,True,204800.0,204800.0,204800.0,0.0,,,True
benchmark,dsac_t,extreme_dry,23,True,True,2000,2000,1,1,True,204800.0,204800.0,204800.0,0.0,,,True
benchmark,dsac_t,extreme_dry,37,True,True,2000,2000,1,1,True,204800.0,204800.0,204800.0,0.0,,,True
benchmark,dsac_t,extreme_dry,53,True,True,2000,2000,1,1,True,204800.0,204800.0,204800.0,0.0,,,True
benchmark,dsac_t,extreme_dry,71,True,True,2000,2000,1,1,True,204800.0,204800.0,204800.0,0.0,,,True
benchmark,dreamerv3,extreme_dry,11,True,True,2000,2000,1,1,True,204800.0,204800.0,204800.0,0.0,,,True
benchmark,dreamerv3,extreme_dry,23,True,True,2000,2000,1,1,True,204800.0,204800.0,204800.0,0.0,,,True
benchmark,dreamerv3,extreme_dry,37,True,True,2000,2000,1,1,True,204800.0,204800.0,204800.0,0.0,,,True
benchmark,dreamerv3,extreme_dry,53,True,True,2000,2000,1,1,True,204800.0,204800.0,204800.0,0.0,,,True
benchmark,dreamerv3,extreme_dry,71,True,True,2000,2000,1,1,True,204800.0,204800.0,204800.0,0.0,,,True
benchmark,rainfed,extreme_dry,11,False,True,2000,2000,1,1,,,,,,,,True
benchmark,soil_moisture_threshold,extreme_dry,11,False,True,2000,2000,1,1,,,,,,,,True
benchmark,fixed_interval,extreme_dry,11,False,True,2000,2000,1,1,,,,,,,,True
benchmark,ppo,limited_water,11,True,True,1988;1998,1988;1998,2,2,True,204800.0,204800.0,204800.0,0.0,,,True
benchmark,ppo,limited_water,23,True,True,1988;1998,1988;1998,2,2,True,204800.0,204800.0,204800.0,0.0,,,True
benchmark,ppo,limited_water,37,True,True,1988;1998,1988;1998,2,2,True,204800.0,204800.0,204800.0,0.0,,,True
benchmark,ppo,limited_water,53,True,True,1988;1998,1988;1998,2,2,True,204800.0,204800.0,204800.0,0.0,,,True
benchmark,ppo,limited_water,71,True,True,1988;1998,1988;1998,2,2,True,204800.0,204800.0,204800.0,0.0,,,True
benchmark,crossq,limited_water,11,True,True,1988;1998,1988;1998,2,2,True,204800.0,204800.0,204800.0,0.0,,,True
benchmark,crossq,limited_water,23,True,True,1988;1998,1988;1998,2,2,True,204800.0,204800.0,204800.0,0.0,,,True
benchmark,crossq,limited_water,37,True,True,1988;1998,1988;1998,2,2,True,204800.0,204800.0,204800.0,0.0,,,True
benchmark,crossq,limited_water,53,True,True,1988;1998,1988;1998,2,2,True,204800.0,204800.0,204800.0,0.0,,,True
benchmark,crossq,limited_water,71,True,True,1988;1998,1988;1998,2,2,True,204800.0,204800.0,204800.0,0.0,,,True
benchmark,dsac_t,limited_water,11,True,True,1988;1998,1988;1998,2,2,True,204800.0,204800.0,204800.0,0.0,,,True
benchmark,dsac_t,limited_water,23,True,True,1988;1998,1988;1998,2,2,True,204800.0,204800.0,204800.0,0.0,,,True
benchmark,dsac_t,limited_water,37,True,True,1988;1998,1988;1998,2,2,True,204800.0,204800.0,204800.0,0.0,,,True
benchmark,dsac_t,limited_water,53,True,True,1988;1998,1988;1998,2,2,True,204800.0,204800.0,204800.0,0.0,,,True
benchmark,dsac_t,limited_water,71,True,True,1988;1998,1988;1998,2,2,True,204800.0,204800.0,204800.0,0.0,,,True
benchmark,dreamerv3,limited_water,11,True,True,1988;1998,1988;1998,2,2,True,204800.0,204800.0,204800.0,0.0,,,True
benchmark,dreamerv3,limited_water,23,True,True,1988;1998,1988;1998,2,2,True,204800.0,204800.0,204800.0,0.0,,,True
benchmark,dreamerv3,limited_water,37,True,True,1988;1998,1988;1998,2,2,True,204800.0,204800.0,204800.0,0.0,,,True
benchmark,dreamerv3,limited_water,53,True,True,1988;1998,1988;1998,2,2,True,204800.0,204800.0,204800.0,0.0,,,True
benchmark,dreamerv3,limited_water,71,True,True,1988;1998,1988;1998,2,2,True,204800.0,204800.0,204800.0,0.0,,,True
benchmark,rainfed,limited_water,11,False,True,1988;1998,1988;1998,2,2,,,,,,,,True
benchmark,soil_moisture_threshold,limited_water,11,False,True,1988;1998,1988;1998,2,2,,,,,,,,True
benchmark,fixed_interval,limited_water,11,False,True,1988;1998,1988;1998,2,2,,,,,,,,True
benchmark,ppo,wet,11,True,True,1992;2014,1992;2014,2,2,True,204800.0,204800.0,204800.0,0.0,,,True
benchmark,ppo,wet,23,True,True,1992;2014,1992;2014,2,2,True,204800.0,204800.0,204800.0,0.0,,,True
benchmark,ppo,wet,37,True,True,1992;2014,1992;2014,2,2,True,204800.0,204800.0,204800.0,0.0,,,True
benchmark,ppo,wet,53,True,True,1992;2014,1992;2014,2,2,True,204800.0,204800.0,204800.0,0.0,,,True
benchmark,ppo,wet,71,True,True,1992;2014,1992;2014,2,2,True,204800.0,204800.0,204800.0,0.0,,,True
benchmark,crossq,wet,11,True,True,1992;2014,1992;2014,2,2,True,204800.0,204800.0,204800.0,0.0,,,True
benchmark,crossq,wet,23,True,True,1992;2014,1992;2014,2,2,True,204800.0,204800.0,204800.0,0.0,,,True
benchmark,crossq,wet,37,True,True,1992;2014,1992;2014,2,2,True,204800.0,204800.0,204800.0,0.0,,,True
benchmark,crossq,wet,53,True,True,1992;2014,1992;2014,2,2,True,204800.0,204800.0,204800.0,0.0,,,True
benchmark,crossq,wet,71,True,True,1992;2014,1992;2014,2,2,True,204800.0,204800.0,204800.0,0.0,,,True
benchmark,dsac_t,wet,11,True,True,1992;2014,1992;2014,2,2,True,204800.0,204800.0,204800.0,0.0,,,True
benchmark,dsac_t,wet,23,True,True,1992;2014,1992;2014,2,2,True,204800.0,204800.0,204800.0,0.0,,,True
benchmark,dsac_t,wet,37,True,True,1992;2014,1992;2014,2,2,True,204800.0,204800.0,204800.0,0.0,,,True
benchmark,dsac_t,wet,53,True,True,1992;2014,1992;2014,2,2,True,204800.0,204800.0,204800.0,0.0,,,True
benchmark,dsac_t,wet,71,True,True,1992;2014,1992;2014,2,2,True,204800.0,204800.0,204800.0,0.0,,,True
benchmark,dreamerv3,wet,11,True,True,1992;2014,1992;2014,2,2,True,204800.0,204800.0,204800.0,0.0,,,True
benchmark,dreamerv3,wet,23,True,True,1992;2014,1992;2014,2,2,True,204800.0,204800.0,204800.0,0.0,,,True
benchmark,dreamerv3,wet,37,True,True,1992;2014,1992;2014,2,2,True,204800.0,204800.0,204800.0,0.0,,,True
benchmark,dreamerv3,wet,53,True,True,1992;2014,1992;2014,2,2,True,204800.0,204800.0,204800.0,0.0,,,True
benchmark,dreamerv3,wet,71,True,True,1992;2014,1992;2014,2,2,True,204800.0,204800.0,204800.0,0.0,,,True
benchmark,rainfed,wet,11,False,True,1992;2014,1992;2014,2,2,,,,,,,,True
benchmark,soil_moisture_threshold,wet,11,False,True,1992;2014,1992;2014,2,2,,,,,,,,True
benchmark,fixed_interval,wet,11,False,True,1992;2014,1992;2014,2,2,,,,,,,,True
