scenario,year,split,seasonal_precip_mm,seasonal_et0_mm
dry,1985,train,253.59,1000.52
dry,1989,test,276.33,1089.43
dry,1997,train,294.43,1042.27
dry,2001,validation,309.75,1082.54
dry,2013,train,259.32,1082.91
dry,2016,train,270.31,1073.2
dry,2017,train,299.31,1088.77
extreme_dry,1983,validation,176.57,976.53
extreme_dry,1984,train,137.92000000000002,1034.96
extreme_dry,2000,test,245.68,1077.04
extreme_dry,2002,train,187.95,1098.9
extreme_dry,2003,train,168.05,1127.82
extreme_dry,2012,train,86.85,1247.55
limited_water,1988,test,357.38,1156.1
limited_water,1990,train,316.48,1143.11
limited_water,1994,train,370.53,1103.56
limited_water,1995,train,373.45,1035.03
limited_water,1998,test,353.28,1067.29
limited_water,1999,validation,381.22,1044.84
limited_water,2005,train,374.5,1091.69
limited_water,2006,train,336.54,1049.24
limited_water,2007,validation,325.68,1062.45
limited_water,2010,train,340.45,1090.69
limited_water,2018,train,390.21,1045.12
normal,1988,test,357.38,1156.1
normal,1990,train,316.48,1143.11
normal,1994,train,370.53,1103.56
normal,1995,train,373.45,1035.03
normal,1998,test,353.28,1067.29
normal,1999,validation,381.22,1044.84
normal,2005,train,374.5,1091.69
normal,2006,train,336.54,1049.24
normal,2007,validation,325.68,1062.45
normal,2010,train,340.45,1090.69
normal,2018,train,390.21,1045.12
wet,1991,validation,476.3,1083.24
wet,1992,test,459.99,982.67
wet,1993,train,449.19,943.55
wet,1996,train,531.77,939.2
wet,2004,validation,526.51,1026.66
wet,2009,train,515.1899999999999,949.48
wet,2014,test,428.58,1082.75
wet,2015,train,472.48,1042.53
